game_date_est,game_sequence,game_id,team_id_home,team_abbreviation_home,team_city_name_home,team_nickname_home,team_wins_losses_home,pts_qtr1_home,pts_qtr2_home,pts_qtr3_home,pts_qtr4_home,pts_ot1_home,pts_ot2_home,pts_ot3_home,pts_ot4_home,pts_ot5_home,pts_ot6_home,pts_ot7_home,pts_ot8_home,pts_ot9_home,pts_ot10_home,pts_home,team_id_away,team_abbreviation_away,team_city_name_away,team_nickname_away,team_wins_losses_away,pts_qtr1_away,pts_qtr2_away,pts_qtr3_away,pts_qtr4_away,pts_ot1_away,pts_ot2_away,pts_ot3_away,pts_ot4_away,pts_ot5_away,pts_ot6_away,pts_ot7_away,pts_ot8_away,pts_ot9_away,pts_ot10_away,pts_away
2020-10-02 00:00:00,1.0,41900402,1610612748,MIA,Miami,Heat,0-2,23.0,31.0,39.0,21.0,0.0,0.0,0.0,0.0,0.0,0.0,0.0,0.0,0.0,0.0,114.0,1610612747,LAL,Los Angeles,Lakers,2-0,29.0,39.0,35.0,21.0,0.0,0.0,0.0,0.0,0.0,0.0,0.0,0.0,0.0,0.0,124.0
2020-10-04 00:00:00,1.0,41900403,1610612747,LAL,Los Angeles,Lakers,2-1,23.0,31.0,26.0,24.0,0.0,0.0,0.0,0.0,0.0,0.0,0.0,0.0,0.0,0.0,104.0,1610612748,MIA,Miami,Heat,1-2,26.0,32.0,27.0,30.0,0.0,0.0,0.0,0.0,0.0,0.0,0.0,0.0,0.0,0.0,115.0
2020-10-06 00:00:00,1.0,41900404,1610612747,LAL,Los Angeles,Lakers,3-1,27.0,22.0,26.0,27.0,0.0,0.0,0.0,0.0,0.0,0.0,0.0,0.0,0.0,0.0,102.0,1610612748,MIA,Miami,Heat,1-3,22.0,25.0,23.0,26.0,0.0,0.0,0.0,0.0,0.0,0.0,0.0,0.0,0.0,0.0,96.0
2020-10-09 00:00:00,1.0,41900405,1610612748,MIA,Miami,Heat,2-3,25.0,35.0,28.0,23.0,0.0,0.0,0.0,0.0,0.0,0.0,0.0,0.0,0.0,0.0,111.0,1610612747,LAL,Los Angeles,Lakers,3-2,24.0,32.0,26.0,26.0,0.0,0.0,0.0,0.0,0.0,0.0,0.0,0.0,0.0,0.0,108.0
2020-10-11 00:00:00,1.0,41900406,1610612748,MIA,Miami,Heat,2-4,20.0,16.0,22.0,35.0,0.0,0.0,0.0,0.0,0.0,0.0,0.0,0.0,0.0,0.0,93.0,1610612747,LAL,Los Angeles,Lakers,4-2,28.0,36.0,23.0,19.0,0.0,0.0,0.0,0.0,0.0,0.0,0.0,0.0,0.0,0.0,106.0
2020-12-22 00:00:00,2.0,22000002,1610612747,LAL,Los Angeles,Lakers,0-1,19.0,35.0,24.0,31.0,0.0,0.0,0.0,0.0,0.0,0.0,0.0,0.0,0.0,0.0,109.0,1610612746,LAC,LA,Clippers,1-0,39.0,17.0,33.0,27.0,0.0,0.0,0.0,0.0,0.0,0.0,0.0,0.0,0.0,0.0,116.0
2020-12-25 00:00:00,4.0,22000008,1610612747,LAL,Los Angeles,Lakers,1-1,33.0,36.0,30.0,39.0,0.0,0.0,0.0,0.0,0.0,0.0,0.0,0.0,0.0,0.0,138.0,1610612742,DAL,Dallas,Mavericks,0-2,30.0,27.0,28.0,30.0,0.0,0.0,0.0,0.0,0.0,0.0,0.0,0.0,0.0,0.0,115.0
2020-12-27 00:00:00,10.0,22000040,1610612747,LAL,Los Angeles,Lakers,2-1,40.0,27.0,36.0,24.0,0.0,0.0,0.0,0.0,0.0,0.0,0.0,0.0,0.0,0.0,127.0,1610612750,MIN,Minnesota,Timberwolves,2-1,23.0,22.0,22.0,24.0,0.0,0.0,0.0,0.0,0.0,0.0,0.0,0.0,0.0,0.0,91.0
2020-12-28 00:00:00,5.0,22000045,1610612757,POR,Portland,Trail Blazers,2-1,22.0,36.0,26.0,31.0,0.0,0.0,0.0,0.0,0.0,0.0,0.0,0.0,0.0,0.0,115.0,1610612747,LAL,Los Angeles,Lakers,2-2,30.0,24.0,31.0,22.0,0.0,0.0,0.0,0.0,0.0,0.0,0.0,0.0,0.0,0.0,107.0
2020-12-30 00:00:00,5.0,22000060,1610612759,SAS,San Antonio,Spurs,2-2,27.0,26.0,29.0,25.0,0.0,0.0,0.0,0.0,0.0,0.0,0.0,0.0,0.0,0.0,107.0,1610612747,LAL,Los Angeles,Lakers,3-2,35.0,28.0,29.0,29.0,0.0,0.0,0.0,0.0,0.0,0.0,0.0,0.0,0.0,0.0,121.0
2021-01-01 00:00:00,7.0,22000075,1610612759,SAS,San Antonio,Spurs,2-3,31.0,26.0,28.0,18.0,0.0,0.0,0.0,0.0,0.0,0.0,0.0,0.0,0.0,0.0,103.0,1610612747,LAL,Los Angeles,Lakers,4-2,25.0,33.0,23.0,28.0,0.0,0.0,0.0,0.0,0.0,0.0,0.0,0.0,0.0,0.0,109.0
2021-01-03 00:00:00,3.0,22000087,1610612747,LAL,Los Angeles,Lakers,5-2,25.0,31.0,21.0,31.0,0.0,0.0,0.0,0.0,0.0,0.0,0.0,0.0,0.0,0.0,108.0,1610612763,MEM,Memphis,Grizzlies,2-4,36.0,18.0,21.0,19.0,0.0,0.0,0.0,0.0,0.0,0.0,0.0,0.0,0.0,0.0,94.0
2021-01-05 00:00:00,2.0,22000103,1610612747,LAL,Los Angeles,Lakers,6-2,19.0,26.0,22.0,27.0,0.0,0.0,0.0,0.0,0.0,0.0,0.0,0.0,0.0,0.0,94.0,1610612763,MEM,Memphis,Grizzlies,2-5,24.0,25.0,19.0,24.0,0.0,0.0,0.0,0.0,0.0,0.0,0.0,0.0,0.0,0.0,92.0
2021-01-07 00:00:00,4.0,22000121,1610612759,SAS,San Antonio,Spurs,4-4,34.0,31.0,26.0,27.0,0.0,0.0,0.0,0.0,0.0,0.0,0.0,0.0,0.0,0.0,118.0,1610612747,LAL,Los Angeles,Lakers,6-3,26.0,30.0,33.0,20.0,0.0,0.0,0.0,0.0,0.0,0.0,0.0,0.0,0.0,0.0,109.0
2021-01-10 00:00:00,6.0,22000146,1610612745,HOU,Houston,Rockets,3-5,21.0,25.0,29.0,27.0,0.0,0.0,0.0,0.0,0.0,0.0,0.0,0.0,0.0,0.0,102.0,1610612747,LAL,Los Angeles,Lakers,8-3,25.0,40.0,23.0,32.0,0.0,0.0,0.0,0.0,0.0,0.0,0.0,0.0,0.0,0.0,120.0
2021-01-12 00:00:00,5.0,22000161,1610612747,LAL,Los Angeles,Lakers,9-3,35.0,36.0,26.0,20.0,0.0,0.0,0.0,0.0,0.0,0.0,0.0,0.0,0.0,0.0,117.0,1610612745,HOU,Houston,Rockets,3-6,14.0,34.0,23.0,29.0,0.0,0.0,0.0,0.0,0.0,0.0,0.0,0.0,0.0,0.0,100.0
2021-01-13 00:00:00,7.0,22000170,1610612760,OKC,Oklahoma City,Thunder,5-6,21.0,25.0,25.0,28.0,0.0,0.0,0.0,0.0,0.0,0.0,0.0,0.0,0.0,0.0,99.0,1610612747,LAL,Los Angeles,Lakers,10-3,30.0,28.0,35.0,35.0,0.0,0.0,0.0,0.0,0.0,0.0,0.0,0.0,0.0,0.0,128.0
2021-01-15 00:00:00,9.0,22000187,1610612740,NOP,New Orleans,Pelicans,4-7,28.0,30.0,16.0,21.0,0.0,0.0,0.0,0.0,0.0,0.0,0.0,0.0,0.0,0.0,95.0,1610612747,LAL,Los Angeles,Lakers,11-3,20.0,37.0,27.0,28.0,0.0,0.0,0.0,0.0,0.0,0.0,0.0,0.0,0.0,0.0,112.0
2021-01-23 00:00:00,5.0,22000245,1610612741,CHI,Chicago,Bulls,7-9,17.0,16.0,33.0,24.0,0.0,0.0,0.0,0.0,0.0,0.0,0.0,0.0,0.0,0.0,90.0,1610612747,LAL,Los Angeles,Lakers,13-4,29.0,34.0,20.0,18.0,0.0,0.0,0.0,0.0,0.0,0.0,0.0,0.0,0.0,0.0,101.0
2021-01-25 00:00:00,5.0,22000261,1610612747,LAL,Los Angeles,Lakers,14-4,34.0,31.0,22.0,28.0,0.0,0.0,0.0,0.0,0.0,0.0,0.0,0.0,0.0,0.0,115.0,1610612739,CLE,Cleveland,Cavaliers,8-9,23.0,35.0,31.0,19.0,0.0,0.0,0.0,0.0,0.0,0.0,0.0,0.0,0.0,0.0,108.0
2021-01-27 00:00:00,6.0,22000276,1610612747,LAL,Los Angeles,Lakers,14-5,24.0,27.0,23.0,32.0,0.0,0.0,0.0,0.0,0.0,0.0,0.0,0.0,0.0,0.0,106.0,1610612755,PHI,Philadelphia,76ers,13-6,34.0,21.0,26.0,26.0,0.0,0.0,0.0,0.0,0.0,0.0,0.0,0.0,0.0,0.0,107.0
2021-01-28 00:00:00,2.0,22000284,1610612765,DET,Detroit,Pistons,5-14,34.0,22.0,26.0,25.0,0.0,0.0,0.0,0.0,0.0,0.0,0.0,0.0,0.0,0.0,107.0,1610612747,LAL,Los Angeles,Lakers,14-6,31.0,27.0,20.0,14.0,0.0,0.0,0.0,0.0,0.0,0.0,0.0,0.0,0.0,0.0,92.0
2021-01-30 00:00:00,5.0,22000302,1610612738,BOS,Boston,Celtics,10-8,24.0,25.0,29.0,17.0,0.0,0.0,0.0,0.0,0.0,0.0,0.0,0.0,0.0,0.0,95.0,1610612747,LAL,Los Angeles,Lakers,15-6,28.0,24.0,19.0,25.0,0.0,0.0,0.0,0.0,0.0,0.0,0.0,0.0,0.0,0.0,96.0
2021-02-01 00:00:00,1.0,22000313,1610612737,ATL,Atlanta,Hawks,10-10,25.0,21.0,30.0,23.0,0.0,0.0,0.0,0.0,0.0,0.0,0.0,0.0,0.0,0.0,99.0,1610612747,LAL,Los Angeles,Lakers,16-6,28.0,22.0,25.0,32.0,0.0,0.0,0.0,0.0,0.0,0.0,0.0,0.0,0.0,0.0,107.0
2021-02-04 00:00:00,5.0,22000341,1610612747,LAL,Los Angeles,Lakers,17-6,27.0,19.0,37.0,31.0,0.0,0.0,0.0,0.0,0.0,0.0,0.0,0.0,0.0,0.0,114.0,1610612743,DEN,Denver,Nuggets,12-9,30.0,28.0,17.0,18.0,0.0,0.0,0.0,0.0,0.0,0.0,0.0,0.0,0.0,0.0,93.0
2021-02-06 00:00:00,11.0,22000361,1610612747,LAL,Los Angeles,Lakers,18-6,27.0,36.0,25.0,18.0,12.0,17.0,0.0,0.0,0.0,0.0,0.0,0.0,0.0,0.0,135.0,1610612765,DET,Detroit,Pistons,5-18,29.0,25.0,24.0,28.0,12.0,11.0,0.0,0.0,0.0,0.0,0.0,0.0,0.0,0.0,129.0
2021-02-10 00:00:00,9.0,22000390,1610612747,LAL,Los Angeles,Lakers,20-6,23.0,34.0,23.0,25.0,9.0,0.0,0.0,0.0,0.0,0.0,0.0,0.0,0.0,0.0,114.0,1610612760,OKC,Oklahoma City,Thunder,10-14,37.0,30.0,17.0,21.0,8.0,0.0,0.0,0.0,0.0,0.0,0.0,0.0,0.0,0.0,113.0
2021-02-12 00:00:00,9.0,22000403,1610612763,MEM,Memphis,Grizzlies,10-11,31.0,28.0,23.0,23.0,0.0,0.0,0.0,0.0,0.0,0.0,0.0,0.0,0.0,0.0,105.0,1610612747,LAL,Los Angeles,Lakers,21-6,16.0,30.0,41.0,28.0,0.0,0.0,0.0,0.0,0.0,0.0,0.0,0.0,0.0,0.0,115.0
2021-02-14 00:00:00,8.0,22000416,1610612743,DEN,Denver,Nuggets,15-11,33.0,40.0,30.0,19.0,0.0,0.0,0.0,0.0,0.0,0.0,0.0,0.0,0.0,0.0,122.0,1610612747,LAL,Los Angeles,Lakers,21-7,33.0,28.0,24.0,20.0,0.0,0.0,0.0,0.0,0.0,0.0,0.0,0.0,0.0,0.0,105.0
2021-02-16 00:00:00,5.0,22000431,1610612747,LAL,Los Angeles,Lakers,22-7,30.0,27.0,29.0,26.0,0.0,0.0,0.0,0.0,0.0,0.0,0.0,0.0,0.0,0.0,112.0,1610612750,MIN,Minnesota,Timberwolves,7-21,27.0,29.0,28.0,20.0,0.0,0.0,0.0,0.0,0.0,0.0,0.0,0.0,0.0,0.0,104.0
2021-02-18 00:00:00,2.0,22000446,1610612747,LAL,Los Angeles,Lakers,22-8,24.0,29.0,21.0,24.0,0.0,0.0,0.0,0.0,0.0,0.0,0.0,0.0,0.0,0.0,98.0,1610612751,BKN,Brooklyn,Nets,19-12,31.0,33.0,26.0,19.0,0.0,0.0,0.0,0.0,0.0,0.0,0.0,0.0,0.0,0.0,109.0
2021-02-20 00:00:00,4.0,22000463,1610612748,MIA,Miami,Heat,13-17,36.0,23.0,22.0,15.0,0.0,0.0,0.0,0.0,0.0,0.0,0.0,0.0,0.0,0.0,96.0,1610612747,LAL,Los Angeles,Lakers,22-9,23.0,29.0,25.0,17.0,0.0,0.0,0.0,0.0,0.0,0.0,0.0,0.0,0.0,0.0,94.0
2021-02-22 00:00:00,7.0,22000479,1610612747,LAL,Los Angeles,Lakers,22-10,33.0,30.0,23.0,29.0,9.0,0.0,0.0,0.0,0.0,0.0,0.0,0.0,0.0,0.0,124.0,1610612764,WAS,Washington,Wizards,11-17,23.0,26.0,31.0,35.0,12.0,0.0,0.0,0.0,0.0,0.0,0.0,0.0,0.0,0.0,127.0
2021-02-24 00:00:00,9.0,22000497,1610612747,LAL,Los Angeles,Lakers,22-11,23.0,24.0,17.0,25.0,0.0,0.0,0.0,0.0,0.0,0.0,0.0,0.0,0.0,0.0,89.0,1610612762,UTA,Utah,Jazz,26-6,24.0,39.0,27.0,24.0,0.0,0.0,0.0,0.0,0.0,0.0,0.0,0.0,0.0,0.0,114.0
2021-02-26 00:00:00,9.0,22000512,1610612747,LAL,Los Angeles,Lakers,23-11,24.0,30.0,31.0,17.0,0.0,0.0,0.0,0.0,0.0,0.0,0.0,0.0,0.0,0.0,102.0,1610612757,POR,Portland,Trail Blazers,18-14,29.0,28.0,19.0,17.0,0.0,0.0,0.0,0.0,0.0,0.0,0.0,0.0,0.0,0.0,93.0
2021-02-28 00:00:00,7.0,22000527,1610612744,GSW,Golden State,Warriors,19-16,21.0,23.0,25.0,22.0,0.0,0.0,0.0,0.0,0.0,0.0,0.0,0.0,0.0,0.0,91.0,1610612747,LAL,Los Angeles,Lakers,24-11,41.0,32.0,26.0,18.0,0.0,0.0,0.0,0.0,0.0,0.0,0.0,0.0,0.0,0.0,117.0
2021-03-02 00:00:00,6.0,22000542,1610612756,PHX,Phoenix,Suns,23-11,29.0,31.0,26.0,28.0,0.0,0.0,0.0,0.0,0.0,0.0,0.0,0.0,0.0,0.0,114.0,1610612747,LAL,Los Angeles,Lakers,24-12,21.0,32.0,30.0,21.0,0.0,0.0,0.0,0.0,0.0,0.0,0.0,0.0,0.0,0.0,104.0
2021-03-03 00:00:00,10.0,22000551,1610612758,SAC,Sacramento,Kings,14-21,23.0,40.0,24.0,36.0,0.0,0.0,0.0,0.0,0.0,0.0,0.0,0.0,0.0,0.0,123.0,1610612747,LAL,Los Angeles,Lakers,24-13,31.0,30.0,27.0,32.0,0.0,0.0,0.0,0.0,0.0,0.0,0.0,0.0,0.0,0.0,120.0
2021-03-12 00:00:00,7.0,22000585,1610612747,LAL,Los Angeles,Lakers,25-13,20.0,26.0,25.0,34.0,0.0,0.0,0.0,0.0,0.0,0.0,0.0,0.0,0.0,0.0,105.0,1610612754,IND,Indiana,Pacers,16-20,28.0,26.0,25.0,21.0,0.0,0.0,0.0,0.0,0.0,0.0,0.0,0.0,0.0,0.0,100.0
2021-03-15 00:00:00,8.0,22000608,1610612747,LAL,Los Angeles,Lakers,26-13,29.0,36.0,28.0,35.0,0.0,0.0,0.0,0.0,0.0,0.0,0.0,0.0,0.0,0.0,128.0,1610612744,GSW,Golden State,Warriors,20-20,26.0,24.0,23.0,24.0,0.0,0.0,0.0,0.0,0.0,0.0,0.0,0.0,0.0,0.0,97.0
2021-03-16 00:00:00,7.0,22000615,1610612747,LAL,Los Angeles,Lakers,27-13,31.0,40.0,31.0,35.0,0.0,0.0,0.0,0.0,0.0,0.0,0.0,0.0,0.0,0.0,137.0,1610612750,MIN,Minnesota,Timberwolves,9-31,30.0,40.0,24.0,27.0,0.0,0.0,0.0,0.0,0.0,0.0,0.0,0.0,0.0,0.0,121.0
2021-03-18 00:00:00,6.0,22000630,1610612747,LAL,Los Angeles,Lakers,28-13,31.0,29.0,23.0,33.0,0.0,0.0,0.0,0.0,0.0,0.0,0.0,0.0,0.0,0.0,116.0,1610612766,CHA,Charlotte,Hornets,20-20,24.0,21.0,34.0,26.0,0.0,0.0,0.0,0.0,0.0,0.0,0.0,0.0,0.0,0.0,105.0
2021-03-20 00:00:00,1.0,22000640,1610612747,LAL,Los Angeles,Lakers,28-14,25.0,28.0,12.0,29.0,0.0,0.0,0.0,0.0,0.0,0.0,0.0,0.0,0.0,0.0,94.0,1610612737,ATL,Atlanta,Hawks,22-20,28.0,24.0,22.0,25.0,0.0,0.0,0.0,0.0,0.0,0.0,0.0,0.0,0.0,0.0,99.0
2021-03-21 00:00:00,9.0,22000651,1610612756,PHX,Phoenix,Suns,28-13,31.0,28.0,29.0,23.0,0.0,0.0,0.0,0.0,0.0,0.0,0.0,0.0,0.0,0.0,111.0,1610612747,LAL,Los Angeles,Lakers,28-15,26.0,18.0,32.0,18.0,0.0,0.0,0.0,0.0,0.0,0.0,0.0,0.0,0.0,0.0,94.0
2021-03-23 00:00:00,3.0,22000663,1610612740,NOP,New Orleans,Pelicans,19-24,32.0,27.0,43.0,26.0,0.0,0.0,0.0,0.0,0.0,0.0,0.0,0.0,0.0,0.0,128.0,1610612747,LAL,Los Angeles,Lakers,28-16,29.0,17.0,30.0,35.0,0.0,0.0,0.0,0.0,0.0,0.0,0.0,0.0,0.0,0.0,111.0
2021-03-25 00:00:00,4.0,22000681,1610612755,PHI,Philadelphia,76ers,32-13,27.0,27.0,35.0,20.0,0.0,0.0,0.0,0.0,0.0,0.0,0.0,0.0,0.0,0.0,109.0,1610612747,LAL,Los Angeles,Lakers,28-17,24.0,30.0,17.0,30.0,0.0,0.0,0.0,0.0,0.0,0.0,0.0,0.0,0.0,0.0,101.0
2021-03-26 00:00:00,11.0,22000693,1610612739,CLE,Cleveland,Cavaliers,17-28,24.0,27.0,10.0,25.0,0.0,0.0,0.0,0.0,0.0,0.0,0.0,0.0,0.0,0.0,86.0,1610612747,LAL,Los Angeles,Lakers,29-17,22.0,22.0,28.0,28.0,0.0,0.0,0.0,0.0,0.0,0.0,0.0,0.0,0.0,0.0,100.0
2021-03-28 00:00:00,4.0,22000706,1610612747,LAL,Los Angeles,Lakers,30-17,22.0,22.0,25.0,27.0,0.0,0.0,0.0,0.0,0.0,0.0,0.0,0.0,0.0,0.0,96.0,1610612753,ORL,Orlando,Magic,15-31,21.0,18.0,30.0,24.0,0.0,0.0,0.0,0.0,0.0,0.0,0.0,0.0,0.0,0.0,93.0
2021-03-31 00:00:00,9.0,22000729,1610612749,MIL,Milwaukee,Bucks,30-17,24.0,33.0,32.0,23.0,0.0,0.0,0.0,0.0,0.0,0.0,0.0,0.0,0.0,0.0,112.0,1610612747,LAL,Los Angeles,Lakers,30-18,30.0,19.0,26.0,22.0,0.0,0.0,0.0,0.0,0.0,0.0,0.0,0.0,0.0,0.0,97.0
2021-04-02 00:00:00,10.0,22000746,1610612758,SAC,Sacramento,Kings,22-27,27.0,26.0,23.0,18.0,0.0,0.0,0.0,0.0,0.0,0.0,0.0,0.0,0.0,0.0,94.0,1610612747,LAL,Los Angeles,Lakers,31-18,29.0,36.0,26.0,24.0,0.0,0.0,0.0,0.0,0.0,0.0,0.0,0.0,0.0,0.0,115.0
2021-04-04 00:00:00,2.0,22000756,1610612747,LAL,Los Angeles,Lakers,31-19,20.0,18.0,17.0,31.0,0.0,0.0,0.0,0.0,0.0,0.0,0.0,0.0,0.0,0.0,86.0,1610612746,LAC,LA,Clippers,33-18,27.0,26.0,24.0,27.0,0.0,0.0,0.0,0.0,0.0,0.0,0.0,0.0,0.0,0.0,104.0
2021-04-06 00:00:00,4.0,22000772,1610612761,TOR,Toronto,Raptors,20-31,28.0,14.0,28.0,31.0,0.0,0.0,0.0,0.0,0.0,0.0,0.0,0.0,0.0,0.0,101.0,1610612747,LAL,Los Angeles,Lakers,32-19,40.0,28.0,22.0,20.0,0.0,0.0,0.0,0.0,0.0,0.0,0.0,0.0,0.0,0.0,110.0
2021-04-08 00:00:00,2.0,22000784,1610612748,MIA,Miami,Heat,27-25,32.0,22.0,29.0,27.0,0.0,0.0,0.0,0.0,0.0,0.0,0.0,0.0,0.0,0.0,110.0,1610612747,LAL,Los Angeles,Lakers,32-20,27.0,29.0,24.0,24.0,0.0,0.0,0.0,0.0,0.0,0.0,0.0,0.0,0.0,0.0,104.0
2021-04-10 00:00:00,2.0,22000800,1610612751,BKN,Brooklyn,Nets,36-17,25.0,33.0,19.0,24.0,0.0,0.0,0.0,0.0,0.0,0.0,0.0,0.0,0.0,0.0,101.0,1610612747,LAL,Los Angeles,Lakers,33-20,33.0,28.0,31.0,34.0,0.0,0.0,0.0,0.0,0.0,0.0,0.0,0.0,0.0,0.0,126.0
2021-04-12 00:00:00,1.0,22000815,1610612752,NYK,New York,Knicks,28-27,26.0,29.0,26.0,30.0,0.0,0.0,0.0,0.0,0.0,0.0,0.0,0.0,0.0,0.0,111.0,1610612747,LAL,Los Angeles,Lakers,33-21,28.0,24.0,16.0,28.0,0.0,0.0,0.0,0.0,0.0,0.0,0.0,0.0,0.0,0.0,96.0
2021-04-13 00:00:00,4.0,22000825,1610612766,CHA,Charlotte,Hornets,27-26,22.0,28.0,16.0,27.0,0.0,0.0,0.0,0.0,0.0,0.0,0.0,0.0,0.0,0.0,93.0,1610612747,LAL,Los Angeles,Lakers,34-21,25.0,27.0,24.0,25.0,0.0,0.0,0.0,0.0,0.0,0.0,0.0,0.0,0.0,0.0,101.0
2021-04-15 00:00:00,3.0,22000842,1610612747,LAL,Los Angeles,Lakers,34-22,23.0,25.0,31.0,34.0,0.0,0.0,0.0,0.0,0.0,0.0,0.0,0.0,0.0,0.0,113.0,1610612738,BOS,Boston,Celtics,30-26,31.0,30.0,30.0,30.0,0.0,0.0,0.0,0.0,0.0,0.0,0.0,0.0,0.0,0.0,121.0
2021-04-17 00:00:00,1.0,22000855,1610612747,LAL,Los Angeles,Lakers,35-22,34.0,31.0,29.0,16.0,17.0,0.0,0.0,0.0,0.0,0.0,0.0,0.0,0.0,0.0,127.0,1610612762,UTA,Utah,Jazz,42-15,35.0,27.0,20.0,28.0,5.0,0.0,0.0,0.0,0.0,0.0,0.0,0.0,0.0,0.0,115.0
2021-04-19 00:00:00,9.0,22000875,1610612747,LAL,Los Angeles,Lakers,35-23,23.0,19.0,23.0,32.0,0.0,0.0,0.0,0.0,0.0,0.0,0.0,0.0,0.0,0.0,97.0,1610612762,UTA,Utah,Jazz,43-15,29.0,23.0,33.0,26.0,0.0,0.0,0.0,0.0,0.0,0.0,0.0,0.0,0.0,0.0,111.0
2021-04-22 00:00:00,6.0,22000897,1610612742,DAL,Dallas,Mavericks,32-26,31.0,31.0,32.0,21.0,0.0,0.0,0.0,0.0,0.0,0.0,0.0,0.0,0.0,0.0,115.0,1610612747,LAL,Los Angeles,Lakers,35-24,26.0,25.0,39.0,20.0,0.0,0.0,0.0,0.0,0.0,0.0,0.0,0.0,0.0,0.0,110.0
2021-04-24 00:00:00,6.0,22000908,1610612742,DAL,Dallas,Mavericks,33-26,23.0,23.0,33.0,29.0,0.0,0.0,0.0,0.0,0.0,0.0,0.0,0.0,0.0,0.0,108.0,1610612747,LAL,Los Angeles,Lakers,35-25,26.0,32.0,21.0,14.0,0.0,0.0,0.0,0.0,0.0,0.0,0.0,0.0,0.0,0.0,93.0
2021-04-28 00:00:00,3.0,22000935,1610612764,WAS,Washington,Wizards,28-34,31.0,30.0,29.0,26.0,0.0,0.0,0.0,0.0,0.0,0.0,0.0,0.0,0.0,0.0,116.0,1610612747,LAL,Los Angeles,Lakers,36-26,35.0,20.0,22.0,30.0,0.0,0.0,0.0,0.0,0.0,0.0,0.0,0.0,0.0,0.0,107.0
2021-04-30 00:00:00,8.0,22000956,1610612747,LAL,Los Angeles,Lakers,36-27,23.0,33.0,32.0,18.0,0.0,0.0,0.0,0.0,0.0,0.0,0.0,0.0,0.0,0.0,106.0,1610612758,SAC,Sacramento,Kings,26-37,30.0,25.0,23.0,32.0,0.0,0.0,0.0,0.0,0.0,0.0,0.0,0.0,0.0,0.0,110.0
2021-05-03 00:00:00,8.0,22000982,1610612747,LAL,Los Angeles,Lakers,37-28,20.0,25.0,25.0,23.0,0.0,0.0,0.0,0.0,0.0,0.0,0.0,0.0,0.0,0.0,93.0,1610612743,DEN,Denver,Nuggets,43-22,24.0,18.0,23.0,24.0,0.0,0.0,0.0,0.0,0.0,0.0,0.0,0.0,0.0,0.0,89.0
2021-05-06 00:00:00,7.0,22001002,1610612747,LAL,Los Angeles,Lakers,37-29,20.0,22.0,29.0,23.0,0.0,0.0,0.0,0.0,0.0,0.0,0.0,0.0,0.0,0.0,94.0,1610612746,LAC,LA,Clippers,45-22,29.0,36.0,27.0,26.0,0.0,0.0,0.0,0.0,0.0,0.0,0.0,0.0,0.0,0.0,118.0
2021-05-07 00:00:00,9.0,22001010,1610612757,POR,Portland,Trail Blazers,38-29,34.0,25.0,23.0,24.0,0.0,0.0,0.0,0.0,0.0,0.0,0.0,0.0,0.0,0.0,106.0,1610612747,LAL,Los Angeles,Lakers,37-30,22.0,33.0,23.0,23.0,0.0,0.0,0.0,0.0,0.0,0.0,0.0,0.0,0.0,0.0,101.0
2021-05-09 00:00:00,7.0,22001024,1610612747,LAL,Los Angeles,Lakers,38-30,30.0,29.0,39.0,25.0,0.0,0.0,0.0,0.0,0.0,0.0,0.0,0.0,0.0,0.0,123.0,1610612756,PHX,Phoenix,Suns,48-20,19.0,28.0,30.0,33.0,0.0,0.0,0.0,0.0,0.0,0.0,0.0,0.0,0.0,0.0,110.0
2021-05-11 00:00:00,11.0,22001041,1610612752,NYK,New York,Knicks,38-31,25.0,31.0,20.0,15.0,8.0,0.0,0.0,0.0,0.0,0.0,0.0,0.0,0.0,0.0,99.0,1610612747,LAL,Los Angeles,Lakers,39-30,24.0,31.0,18.0,18.0,10.0,0.0,0.0,0.0,0.0,0.0,0.0,0.0,0.0,0.0,101.0
2021-05-12 00:00:00,6.0,22001046,1610612745,HOU,Houston,Rockets,16-54,26.0,27.0,43.0,26.0,0.0,0.0,0.0,0.0,0.0,0.0,0.0,0.0,0.0,0.0,122.0,1610612747,LAL,Los Angeles,Lakers,40-30,34.0,25.0,41.0,24.0,0.0,0.0,0.0,0.0,0.0,0.0,0.0,0.0,0.0,0.0,124.0
2021-05-15 00:00:00,2.0,22001061,1610612754,IND,Indiana,Pacers,33-38,28.0,28.0,32.0,27.0,0.0,0.0,0.0,0.0,0.0,0.0,0.0,0.0,0.0,0.0,115.0,1610612747,LAL,Los Angeles,Lakers,41-30,36.0,28.0,32.0,26.0,0.0,0.0,0.0,0.0,0.0,0.0,0.0,0.0,0.0,0.0,122.0
2021-05-16 00:00:00,12.0,22001072,1610612747,LAL,Los Angeles,Lakers,42-30,36.0,27.0,28.0,19.0,0.0,0.0,0.0,0.0,0.0,0.0,0.0,0.0,0.0,0.0,110.0,1610612740,NOP,New Orleans,Pelicans,31-41,28.0,31.0,17.0,22.0,0.0,0.0,0.0,0.0,0.0,0.0,0.0,0.0,0.0,0.0,98.0
2020-12-11 00:00:00,4.0,12000004,1610612746,LAC,LA,Clippers,0-1,22.0,24.0,15.0,20.0,0.0,0.0,0.0,0.0,0.0,0.0,0.0,0.0,0.0,0.0,81.0,1610612747,LAL,Los Angeles,Lakers,1-0,25.0,18.0,16.0,28.0,0.0,0.0,0.0,0.0,0.0,0.0,0.0,0.0,0.0,0.0,87.0
2020-12-13 00:00:00,5.0,12000018,1610612747,LAL,Los Angeles,Lakers,2-0,39.0,31.0,33.0,28.0,0.0,0.0,0.0,0.0,0.0,0.0,0.0,0.0,0.0,0.0,131.0,1610612746,LAC,LA,Clippers,0-2,29.0,34.0,23.0,20.0,0.0,0.0,0.0,0.0,0.0,0.0,0.0,0.0,0.0,0.0,106.0
2020-12-18 00:00:00,8.0,12000046,1610612756,PHX,Phoenix,Suns,0-4,39.0,30.0,23.0,21.0,0.0,0.0,0.0,0.0,0.0,0.0,0.0,0.0,0.0,0.0,113.0,1610612747,LAL,Los Angeles,Lakers,4-0,21.0,35.0,35.0,23.0,0.0,0.0,0.0,0.0,0.0,0.0,0.0,0.0,0.0,0.0,114.0
2021-05-23 00:00:00,2.0,42000151,1610612756,PHX,Phoenix,Suns,1-0,32.0,21.0,28.0,18.0,0.0,0.0,0.0,0.0,0.0,0.0,0.0,0.0,0.0,0.0,99.0,1610612747,LAL,Los Angeles,Lakers,0-1,25.0,20.0,23.0,22.0,0.0,0.0,0.0,0.0,0.0,0.0,0.0,0.0,0.0,0.0,90.0
2021-05-25 00:00:00,2.0,42000152,1610612747,LAL,Los Angeles,Lakers,1-1,30.0,23.0,26.0,30.0,0.0,0.0,0.0,0.0,0.0,0.0,0.0,0.0,0.0,0.0,109.0,1610612756,PHX,Phoenix,Suns,1-1,24.0,23.0,25.0,30.0,0.0,0.0,0.0,0.0,0.0,0.0,0.0,0.0,0.0,0.0,102.0
2021-05-27 00:00:00,2.0,42000153,1610612756,PHX,Phoenix,Suns,1-2,28.0,12.0,23.0,32.0,0.0,0.0,0.0,0.0,0.0,0.0,0.0,0.0,0.0,0.0,95.0,1610612747,LAL,Los Angeles,Lakers,2-1,27.0,16.0,33.0,33.0,0.0,0.0,0.0,0.0,0.0,0.0,0.0,0.0,0.0,0.0,109.0
2021-05-30 00:00:00,2.0,42000154,1610612747,LAL,Los Angeles,Lakers,2-2,24.0,26.0,15.0,27.0,0.0,0.0,0.0,0.0,0.0,0.0,0.0,0.0,0.0,0.0,92.0,1610612756,PHX,Phoenix,Suns,2-2,23.0,31.0,27.0,19.0,0.0,0.0,0.0,0.0,0.0,0.0,0.0,0.0,0.0,0.0,100.0
2021-06-01 00:00:00,4.0,42000155,1610612747,LAL,Los Angeles,Lakers,2-3,26.0,10.0,27.0,22.0,0.0,0.0,0.0,0.0,0.0,0.0,0.0,0.0,0.0,0.0,85.0,1610612756,PHX,Phoenix,Suns,3-2,34.0,32.0,26.0,23.0,0.0,0.0,0.0,0.0,0.0,0.0,0.0,0.0,0.0,0.0,115.0
2021-06-03 00:00:00,4.0,42000156,1610612756,PHX,Phoenix,Suns,4-2,36.0,26.0,27.0,24.0,0.0,0.0,0.0,0.0,0.0,0.0,0.0,0.0,0.0,0.0,113.0,1610612747,LAL,Los Angeles,Lakers,2-4,14.0,27.0,35.0,24.0,0.0,0.0,0.0,0.0,0.0,0.0,0.0,0.0,0.0,0.0,100.0
2021-10-19 00:00:00,2.0,22100002,1610612747,LAL,Los Angeles,Lakers,0-1,34.0,25.0,26.0,29.0,0.0,0.0,0.0,0.0,0.0,0.0,0.0,0.0,0.0,0.0,114.0,1610612744,GSW,Golden State,Warriors,1-0,32.0,21.0,30.0,38.0,0.0,0.0,0.0,0.0,0.0,0.0,0.0,0.0,0.0,0.0,121.0
2021-10-22 00:00:00,9.0,22100025,1610612756,PHX,Phoenix,Suns,1-1,23.0,34.0,37.0,21.0,0.0,0.0,0.0,0.0,0.0,0.0,0.0,0.0,0.0,0.0,115.0,1610612747,LAL,Los Angeles,Lakers,0-2,26.0,18.0,23.0,38.0,0.0,0.0,0.0,0.0,0.0,0.0,0.0,0.0,0.0,0.0,105.0
2021-10-24 00:00:00,6.0,22100040,1610612747,LAL,Los Angeles,Lakers,1-2,29.0,33.0,25.0,34.0,0.0,0.0,0.0,0.0,0.0,0.0,0.0,0.0,0.0,0.0,121.0,1610612763,MEM,Memphis,Grizzlies,2-1,24.0,32.0,34.0,28.0,0.0,0.0,0.0,0.0,0.0,0.0,0.0,0.0,0.0,0.0,118.0
2021-10-26 00:00:00,4.0,22100053,1610612747,LAL,Los Angeles,Lakers,2-2,27.0,34.0,24.0,29.0,11.0,0.0,0.0,0.0,0.0,0.0,0.0,0.0,0.0,0.0,125.0,1610612759,SAS,San Antonio,Spurs,1-3,29.0,33.0,35.0,17.0,7.0,0.0,0.0,0.0,0.0,0.0,0.0,0.0,0.0,0.0,121.0
2021-10-27 00:00:00,7.0,22100061,1610612760,OKC,Oklahoma City,Thunder,1-4,19.0,37.0,41.0,26.0,0.0,0.0,0.0,0.0,0.0,0.0,0.0,0.0,0.0,0.0,123.0,1610612747,LAL,Los Angeles,Lakers,2-3,41.0,31.0,23.0,20.0,0.0,0.0,0.0,0.0,0.0,0.0,0.0,0.0,0.0,0.0,115.0
2021-10-29 00:00:00,7.0,22100077,1610612747,LAL,Los Angeles,Lakers,3-3,21.0,33.0,34.0,25.0,0.0,0.0,0.0,0.0,0.0,0.0,0.0,0.0,0.0,0.0,113.0,1610612739,CLE,Cleveland,Cavaliers,3-3,28.0,26.0,31.0,16.0,0.0,0.0,0.0,0.0,0.0,0.0,0.0,0.0,0.0,0.0,101.0
2021-11-02 00:00:00,5.0,22100107,1610612747,LAL,Los Angeles,Lakers,5-3,32.0,32.0,23.0,32.0,0.0,0.0,0.0,0.0,0.0,0.0,0.0,0.0,0.0,0.0,119.0,1610612745,HOU,Houston,Rockets,1-6,35.0,35.0,19.0,28.0,0.0,0.0,0.0,0.0,0.0,0.0,0.0,0.0,0.0,0.0,117.0
2021-11-06 00:00:00,6.0,22100138,1610612747,LAL,Los Angeles,Lakers,5-5,14.0,22.0,26.0,28.0,0.0,0.0,0.0,0.0,0.0,0.0,0.0,0.0,0.0,0.0,90.0,1610612757,POR,Portland,Trail Blazers,5-5,36.0,15.0,42.0,12.0,0.0,0.0,0.0,0.0,0.0,0.0,0.0,0.0,0.0,0.0,105.0
2021-11-08 00:00:00,8.0,22100154,1610612766,CHA,Charlotte,Hornets,5-7,26.0,34.0,27.0,28.0,8.0,0.0,0.0,0.0,0.0,0.0,0.0,0.0,0.0,0.0,123.0,1610612747,LAL,Los Angeles,Lakers,6-5,29.0,32.0,33.0,21.0,11.0,0.0,0.0,0.0,0.0,0.0,0.0,0.0,0.0,0.0,126.0
2021-11-10 00:00:00,13.0,22100170,1610612747,LAL,Los Angeles,Lakers,7-5,28.0,27.0,27.0,30.0,8.0,0.0,0.0,0.0,0.0,0.0,0.0,0.0,0.0,0.0,120.0,1610612748,MIA,Miami,Heat,7-4,25.0,32.0,29.0,26.0,5.0,0.0,0.0,0.0,0.0,0.0,0.0,0.0,0.0,0.0,117.0
2021-11-12 00:00:00,11.0,22100184,1610612750,MIN,Minnesota,Timberwolves,4-7,19.0,25.0,40.0,23.0,0.0,0.0,0.0,0.0,0.0,0.0,0.0,0.0,0.0,0.0,107.0,1610612747,LAL,Los Angeles,Lakers,7-6,26.0,23.0,12.0,22.0,0.0,0.0,0.0,0.0,0.0,0.0,0.0,0.0,0.0,0.0,83.0
2021-11-14 00:00:00,1.0,22100192,1610612759,SAS,San Antonio,Spurs,4-9,29.0,26.0,24.0,27.0,0.0,0.0,0.0,0.0,0.0,0.0,0.0,0.0,0.0,0.0,106.0,1610612747,LAL,Los Angeles,Lakers,8-6,34.0,26.0,30.0,24.0,0.0,0.0,0.0,0.0,0.0,0.0,0.0,0.0,0.0,0.0,114.0
2021-11-15 00:00:00,11.0,22100209,1610612747,LAL,Los Angeles,Lakers,8-7,25.0,23.0,25.0,30.0,0.0,0.0,0.0,0.0,0.0,0.0,0.0,0.0,0.0,0.0,103.0,1610612741,CHI,Chicago,Bulls,10-4,33.0,24.0,37.0,27.0,0.0,0.0,0.0,0.0,0.0,0.0,0.0,0.0,0.0,0.0,121.0
2021-11-17 00:00:00,7.0,22100219,1610612749,MIL,Milwaukee,Bucks,7-8,30.0,34.0,21.0,24.0,0.0,0.0,0.0,0.0,0.0,0.0,0.0,0.0,0.0,0.0,109.0,1610612747,LAL,Los Angeles,Lakers,8-8,32.0,21.0,30.0,19.0,0.0,0.0,0.0,0.0,0.0,0.0,0.0,0.0,0.0,0.0,102.0
2021-11-19 00:00:00,3.0,22100232,1610612747,LAL,Los Angeles,Lakers,8-9,38.0,23.0,21.0,26.0,0.0,0.0,0.0,0.0,0.0,0.0,0.0,0.0,0.0,0.0,108.0,1610612738,BOS,Boston,Celtics,8-8,30.0,30.0,33.0,37.0,0.0,0.0,0.0,0.0,0.0,0.0,0.0,0.0,0.0,0.0,130.0
2021-11-21 00:00:00,2.0,22100249,1610612765,DET,Detroit,Pistons,4-12,26.0,42.0,31.0,17.0,0.0,0.0,0.0,0.0,0.0,0.0,0.0,0.0,0.0,0.0,116.0,1610612747,LAL,Los Angeles,Lakers,9-9,30.0,31.0,23.0,37.0,0.0,0.0,0.0,0.0,0.0,0.0,0.0,0.0,0.0,0.0,121.0
2021-11-23 00:00:00,2.0,22100264,1610612752,NYK,New York,Knicks,10-8,36.0,27.0,20.0,23.0,0.0,0.0,0.0,0.0,0.0,0.0,0.0,0.0,0.0,0.0,106.0,1610612747,LAL,Los Angeles,Lakers,9-10,20.0,31.0,30.0,19.0,0.0,0.0,0.0,0.0,0.0,0.0,0.0,0.0,0.0,0.0,100.0
2021-11-26 00:00:00,12.0,22100291,1610612747,LAL,Los Angeles,Lakers,10-11,20.0,23.0,35.0,22.0,12.0,12.0,13.0,0.0,0.0,0.0,0.0,0.0,0.0,0.0,137.0,1610612758,SAC,Sacramento,Kings,8-12,20.0,23.0,30.0,27.0,12.0,12.0,17.0,0.0,0.0,0.0,0.0,0.0,0.0,0.0,141.0
2021-11-28 00:00:00,5.0,22100304,1610612747,LAL,Los Angeles,Lakers,11-11,23.0,28.0,32.0,27.0,0.0,0.0,0.0,0.0,0.0,0.0,0.0,0.0,0.0,0.0,110.0,1610612765,DET,Detroit,Pistons,4-16,21.0,27.0,22.0,36.0,0.0,0.0,0.0,0.0,0.0,0.0,0.0,0.0,0.0,0.0,106.0
2021-11-30 00:00:00,5.0,22100318,1610612747,LAL,Los Angeles,Lakers,12-11,20.0,30.0,37.0,30.0,0.0,0.0,0.0,0.0,0.0,0.0,0.0,0.0,0.0,0.0,117.0,1610612758,SAC,Sacramento,Kings,8-14,28.0,31.0,15.0,18.0,0.0,0.0,0.0,0.0,0.0,0.0,0.0,0.0,0.0,0.0,92.0
2021-12-03 00:00:00,9.0,22100341,1610612746,LAC,LA,Clippers,12-11,23.0,30.0,34.0,32.0,0.0,0.0,0.0,0.0,0.0,0.0,0.0,0.0,0.0,0.0,119.0,1610612747,LAL,Los Angeles,Lakers,12-12,22.0,28.0,29.0,36.0,0.0,0.0,0.0,0.0,0.0,0.0,0.0,0.0,0.0,0.0,115.0
2021-12-07 00:00:00,3.0,22100365,1610612738,BOS,Boston,Celtics,13-12,33.0,22.0,20.0,27.0,0.0,0.0,0.0,0.0,0.0,0.0,0.0,0.0,0.0,0.0,102.0,1610612747,LAL,Los Angeles,Lakers,13-12,31.0,29.0,31.0,26.0,0.0,0.0,0.0,0.0,0.0,0.0,0.0,0.0,0.0,0.0,117.0
2021-12-09 00:00:00,2.0,22100380,1610612763,MEM,Memphis,Grizzlies,15-11,25.0,34.0,26.0,23.0,0.0,0.0,0.0,0.0,0.0,0.0,0.0,0.0,0.0,0.0,108.0,1610612747,LAL,Los Angeles,Lakers,13-13,29.0,24.0,25.0,17.0,0.0,0.0,0.0,0.0,0.0,0.0,0.0,0.0,0.0,0.0,95.0
2021-12-10 00:00:00,8.0,22100389,1610612760,OKC,Oklahoma City,Thunder,8-17,18.0,27.0,23.0,27.0,0.0,0.0,0.0,0.0,0.0,0.0,0.0,0.0,0.0,0.0,95.0,1610612747,LAL,Los Angeles,Lakers,14-13,32.0,32.0,29.0,23.0,0.0,0.0,0.0,0.0,0.0,0.0,0.0,0.0,0.0,0.0,116.0
2021-12-15 00:00:00,4.0,22100420,1610612747,LAL,Los Angeles,Lakers,16-13,33.0,14.0,26.0,20.0,14.0,0.0,0.0,0.0,0.0,0.0,0.0,0.0,0.0,0.0,107.0,1610612742,DAL,Dallas,Mavericks,14-14,23.0,27.0,23.0,20.0,11.0,0.0,0.0,0.0,0.0,0.0,0.0,0.0,0.0,0.0,104.0
2021-12-17 00:00:00,6.0,22100436,1610612747,LAL,Los Angeles,Lakers,16-14,16.0,29.0,20.0,27.0,0.0,0.0,0.0,0.0,0.0,0.0,0.0,0.0,0.0,0.0,92.0,1610612750,MIN,Minnesota,Timberwolves,14-15,23.0,31.0,31.0,25.0,0.0,0.0,0.0,0.0,0.0,0.0,0.0,0.0,0.0,0.0,110.0
2021-12-19 00:00:00,7.0,22100448,1610612747,LAL,Los Angeles,Lakers,16-15,22.0,37.0,25.0,26.0,0.0,0.0,0.0,0.0,0.0,0.0,0.0,0.0,0.0,0.0,110.0,1610612741,CHI,Chicago,Bulls,18-10,28.0,33.0,22.0,32.0,0.0,0.0,0.0,0.0,0.0,0.0,0.0,0.0,0.0,0.0,115.0
2021-12-21 00:00:00,6.0,22100469,1610612756,PHX,Phoenix,Suns,25-5,24.0,30.0,31.0,23.0,0.0,0.0,0.0,0.0,0.0,0.0,0.0,0.0,0.0,0.0,108.0,1610612747,LAL,Los Angeles,Lakers,16-16,25.0,27.0,21.0,17.0,0.0,0.0,0.0,0.0,0.0,0.0,0.0,0.0,0.0,0.0,90.0
2021-12-23 00:00:00,12.0,22100487,1610612747,LAL,Los Angeles,Lakers,16-17,24.0,31.0,37.0,18.0,0.0,0.0,0.0,0.0,0.0,0.0,0.0,0.0,0.0,0.0,110.0,1610612759,SAS,San Antonio,Spurs,13-18,33.0,33.0,39.0,33.0,0.0,0.0,0.0,0.0,0.0,0.0,0.0,0.0,0.0,0.0,138.0
2021-12-25 00:00:00,4.0,22100491,1610612747,LAL,Los Angeles,Lakers,16-18,23.0,39.0,20.0,33.0,0.0,0.0,0.0,0.0,0.0,0.0,0.0,0.0,0.0,0.0,115.0,1610612751,BKN,Brooklyn,Nets,22-9,38.0,28.0,36.0,20.0,0.0,0.0,0.0,0.0,0.0,0.0,0.0,0.0,0.0,0.0,122.0
2021-12-28 00:00:00,4.0,22100511,1610612747,LAL,Los Angeles,Lakers,17-18,34.0,33.0,30.0,35.0,0.0,0.0,0.0,0.0,0.0,0.0,0.0,0.0,0.0,0.0,132.0,1610612745,HOU,Houston,Rockets,10-25,35.0,24.0,33.0,31.0,0.0,0.0,0.0,0.0,0.0,0.0,0.0,0.0,0.0,0.0,123.0
2021-12-29 00:00:00,5.0,22100520,1610612763,MEM,Memphis,Grizzlies,22-14,23.0,25.0,30.0,26.0,0.0,0.0,0.0,0.0,0.0,0.0,0.0,0.0,0.0,0.0,104.0,1610612747,LAL,Los Angeles,Lakers,17-19,30.0,24.0,29.0,16.0,0.0,0.0,0.0,0.0,0.0,0.0,0.0,0.0,0.0,0.0,99.0
2021-12-31 00:00:00,10.0,22100538,1610612747,LAL,Los Angeles,Lakers,18-19,43.0,26.0,32.0,38.0,0.0,0.0,0.0,0.0,0.0,0.0,0.0,0.0,0.0,0.0,139.0,1610612757,POR,Portland,Trail Blazers,13-22,28.0,26.0,23.0,29.0,0.0,0.0,0.0,0.0,0.0,0.0,0.0,0.0,0.0,0.0,106.0
2022-01-04 00:00:00,5.0,22100566,1610612758,SAC,Sacramento,Kings,16-23,31.0,28.0,24.0,31.0,0.0,0.0,0.0,0.0,0.0,0.0,0.0,0.0,0.0,0.0,114.0,1610612747,LAL,Los Angeles,Lakers,20-19,26.0,31.0,28.0,37.0,0.0,0.0,0.0,0.0,0.0,0.0,0.0,0.0,0.0,0.0,122.0
2022-01-07 00:00:00,8.0,22100589,1610612747,LAL,Los Angeles,Lakers,21-19,34.0,30.0,37.0,33.0,0.0,0.0,0.0,0.0,0.0,0.0,0.0,0.0,0.0,0.0,134.0,1610612737,ATL,Atlanta,Hawks,17-21,28.0,33.0,26.0,31.0,0.0,0.0,0.0,0.0,0.0,0.0,0.0,0.0,0.0,0.0,118.0
2022-01-09 00:00:00,10.0,22100606,1610612763,MEM,Memphis,Grizzlies,28-14,27.0,38.0,42.0,20.0,0.0,0.0,0.0,0.0,0.0,0.0,0.0,0.0,0.0,0.0,127.0,1610612747,LAL,Los Angeles,Lakers,21-20,27.0,25.0,31.0,36.0,0.0,0.0,0.0,0.0,0.0,0.0,0.0,0.0,0.0,0.0,119.0
2022-01-12 00:00:00,9.0,22100626,1610612747,LAL,Los Angeles,Lakers,21-21,34.0,33.0,23.0,26.0,0.0,0.0,0.0,0.0,0.0,0.0,0.0,0.0,0.0,0.0,116.0,1610612758,SAC,Sacramento,Kings,17-27,29.0,32.0,40.0,24.0,0.0,0.0,0.0,0.0,0.0,0.0,0.0,0.0,0.0,0.0,125.0
2022-01-15 00:00:00,9.0,22100649,1610612743,DEN,Denver,Nuggets,22-19,34.0,39.0,29.0,31.0,0.0,0.0,0.0,0.0,0.0,0.0,0.0,0.0,0.0,0.0,133.0,1610612747,LAL,Los Angeles,Lakers,21-22,29.0,31.0,19.0,17.0,0.0,0.0,0.0,0.0,0.0,0.0,0.0,0.0,0.0,0.0,96.0
2022-01-17 00:00:00,12.0,22100665,1610612747,LAL,Los Angeles,Lakers,22-22,24.0,28.0,20.0,29.0,0.0,0.0,0.0,0.0,0.0,0.0,0.0,0.0,0.0,0.0,101.0,1610612762,UTA,Utah,Jazz,29-15,25.0,21.0,32.0,17.0,0.0,0.0,0.0,0.0,0.0,0.0,0.0,0.0,0.0,0.0,95.0
2022-01-19 00:00:00,13.0,22100680,1610612747,LAL,Los Angeles,Lakers,22-23,32.0,24.0,24.0,24.0,0.0,0.0,0.0,0.0,0.0,0.0,0.0,0.0,0.0,0.0,104.0,1610612754,IND,Indiana,Pacers,16-29,23.0,27.0,26.0,35.0,0.0,0.0,0.0,0.0,0.0,0.0,0.0,0.0,0.0,0.0,111.0
2022-01-21 00:00:00,2.0,22100685,1610612747,LAL,Los Angeles,Lakers,23-23,24.0,30.0,31.0,31.0,0.0,0.0,0.0,0.0,0.0,0.0,0.0,0.0,0.0,0.0,116.0,1610612753,ORL,Orlando,Magic,8-39,27.0,35.0,16.0,27.0,0.0,0.0,0.0,0.0,0.0,0.0,0.0,0.0,0.0,0.0,105.0
2022-01-23 00:00:00,3.0,22100700,1610612747,LAL,Los Angeles,Lakers,23-24,25.0,27.0,18.0,37.0,0.0,0.0,0.0,0.0,0.0,0.0,0.0,0.0,0.0,0.0,107.0,1610612748,MIA,Miami,Heat,30-17,39.0,30.0,20.0,24.0,0.0,0.0,0.0,0.0,0.0,0.0,0.0,0.0,0.0,0.0,113.0
2022-01-25 00:00:00,6.0,22100718,1610612747,LAL,Los Angeles,Lakers,24-24,33.0,29.0,30.0,14.0,0.0,0.0,0.0,0.0,0.0,0.0,0.0,0.0,0.0,0.0,106.0,1610612751,BKN,Brooklyn,Nets,29-18,25.0,28.0,25.0,18.0,0.0,0.0,0.0,0.0,0.0,0.0,0.0,0.0,0.0,0.0,96.0
2022-01-27 00:00:00,1.0,22100733,1610612755,PHI,Philadelphia,76ers,29-19,32.0,22.0,34.0,17.0,0.0,0.0,0.0,0.0,0.0,0.0,0.0,0.0,0.0,0.0,105.0,1610612747,LAL,Los Angeles,Lakers,24-25,22.0,26.0,20.0,19.0,0.0,0.0,0.0,0.0,0.0,0.0,0.0,0.0,0.0,0.0,87.0
2022-01-28 00:00:00,2.0,22100735,1610612747,LAL,Los Angeles,Lakers,24-26,21.0,28.0,36.0,29.0,0.0,0.0,0.0,0.0,0.0,0.0,0.0,0.0,0.0,0.0,114.0,1610612766,CHA,Charlotte,Hornets,28-22,31.0,34.0,22.0,30.0,0.0,0.0,0.0,0.0,0.0,0.0,0.0,0.0,0.0,0.0,117.0
2022-01-30 00:00:00,1.0,22100751,1610612737,ATL,Atlanta,Hawks,24-25,34.0,28.0,29.0,38.0,0.0,0.0,0.0,0.0,0.0,0.0,0.0,0.0,0.0,0.0,129.0,1610612747,LAL,Los Angeles,Lakers,24-27,33.0,38.0,30.0,20.0,0.0,0.0,0.0,0.0,0.0,0.0,0.0,0.0,0.0,0.0,121.0
2022-02-02 00:00:00,9.0,22100781,1610612747,LAL,Los Angeles,Lakers,25-27,28.0,26.0,18.0,27.0,0.0,0.0,0.0,0.0,0.0,0.0,0.0,0.0,0.0,0.0,99.0,1610612757,POR,Portland,Trail Blazers,21-31,16.0,37.0,22.0,19.0,0.0,0.0,0.0,0.0,0.0,0.0,0.0,0.0,0.0,0.0,94.0
2022-02-03 00:00:00,6.0,22100786,1610612746,LAC,LA,Clippers,27-27,28.0,32.0,34.0,17.0,0.0,0.0,0.0,0.0,0.0,0.0,0.0,0.0,0.0,0.0,111.0,1610612747,LAL,Los Angeles,Lakers,25-28,26.0,28.0,28.0,28.0,0.0,0.0,0.0,0.0,0.0,0.0,0.0,0.0,0.0,0.0,110.0
2022-02-05 00:00:00,4.0,22100799,1610612752,NYK,New York,Knicks,24-29,42.0,29.0,13.0,27.0,4.0,0.0,0.0,0.0,0.0,0.0,0.0,0.0,0.0,0.0,115.0,1610612747,LAL,Los Angeles,Lakers,26-28,29.0,27.0,31.0,24.0,11.0,0.0,0.0,0.0,0.0,0.0,0.0,0.0,0.0,0.0,122.0
2022-02-08 00:00:00,8.0,22100822,1610612747,LAL,Los Angeles,Lakers,26-29,24.0,32.0,29.0,31.0,0.0,0.0,0.0,0.0,0.0,0.0,0.0,0.0,0.0,0.0,116.0,1610612749,MIL,Milwaukee,Bucks,35-21,38.0,40.0,31.0,22.0,0.0,0.0,0.0,0.0,0.0,0.0,0.0,0.0,0.0,0.0,131.0
2022-02-12 00:00:00,10.0,22100854,1610612747,LAL,Los Angeles,Lakers,26-31,26.0,36.0,32.0,21.0,0.0,0.0,0.0,0.0,0.0,0.0,0.0,0.0,0.0,0.0,115.0,1610612744,GSW,Golden State,Warriors,42-15,32.0,33.0,30.0,22.0,0.0,0.0,0.0,0.0,0.0,0.0,0.0,0.0,0.0,0.0,117.0
2022-02-16 00:00:00,11.0,22100884,1610612762,UTA,Utah,Jazz,36-22,27.0,26.0,26.0,22.0,0.0,0.0,0.0,0.0,0.0,0.0,0.0,0.0,0.0,0.0,101.0,1610612747,LAL,Los Angeles,Lakers,27-31,27.0,19.0,25.0,35.0,0.0,0.0,0.0,0.0,0.0,0.0,0.0,0.0,0.0,0.0,106.0
2022-02-25 00:00:00,9.0,22100904,1610612747,LAL,Los Angeles,Lakers,27-32,22.0,25.0,31.0,24.0,0.0,0.0,0.0,0.0,0.0,0.0,0.0,0.0,0.0,0.0,102.0,1610612746,LAC,LA,Clippers,31-31,24.0,33.0,15.0,33.0,0.0,0.0,0.0,0.0,0.0,0.0,0.0,0.0,0.0,0.0,105.0
2022-02-27 00:00:00,8.0,22100919,1610612747,LAL,Los Angeles,Lakers,27-33,20.0,20.0,25.0,30.0,0.0,0.0,0.0,0.0,0.0,0.0,0.0,0.0,0.0,0.0,95.0,1610612740,NOP,New Orleans,Pelicans,25-36,24.0,27.0,44.0,28.0,0.0,0.0,0.0,0.0,0.0,0.0,0.0,0.0,0.0,0.0,123.0
2022-03-01 00:00:00,6.0,22100931,1610612742,DAL,Dallas,Mavericks,37-25,30.0,41.0,14.0,24.0,0.0,0.0,0.0,0.0,0.0,0.0,0.0,0.0,0.0,0.0,109.0,1610612747,LAL,Los Angeles,Lakers,27-34,25.0,31.0,31.0,17.0,0.0,0.0,0.0,0.0,0.0,0.0,0.0,0.0,0.0,0.0,104.0
2022-03-03 00:00:00,7.0,22100945,1610612747,LAL,Los Angeles,Lakers,27-35,31.0,32.0,18.0,30.0,0.0,0.0,0.0,0.0,0.0,0.0,0.0,0.0,0.0,0.0,111.0,1610612746,LAC,LA,Clippers,34-31,36.0,30.0,40.0,26.0,0.0,0.0,0.0,0.0,0.0,0.0,0.0,0.0,0.0,0.0,132.0
2022-03-05 00:00:00,6.0,22100959,1610612747,LAL,Los Angeles,Lakers,28-35,32.0,30.0,27.0,35.0,0.0,0.0,0.0,0.0,0.0,0.0,0.0,0.0,0.0,0.0,124.0,1610612744,GSW,Golden State,Warriors,43-21,25.0,42.0,27.0,22.0,0.0,0.0,0.0,0.0,0.0,0.0,0.0,0.0,0.0,0.0,116.0
2022-03-09 00:00:00,5.0,22100985,1610612747,LAL,Los Angeles,Lakers,28-37,38.0,25.0,35.0,22.0,10.0,0.0,0.0,0.0,0.0,0.0,0.0,0.0,0.0,0.0,130.0,1610612745,HOU,Houston,Rockets,17-49,32.0,36.0,29.0,23.0,19.0,0.0,0.0,0.0,0.0,0.0,0.0,0.0,0.0,0.0,139.0
2022-03-11 00:00:00,10.0,22101004,1610612747,LAL,Los Angeles,Lakers,29-37,26.0,26.0,37.0,33.0,0.0,0.0,0.0,0.0,0.0,0.0,0.0,0.0,0.0,0.0,122.0,1610612764,WAS,Washington,Wizards,29-36,26.0,33.0,23.0,27.0,0.0,0.0,0.0,0.0,0.0,0.0,0.0,0.0,0.0,0.0,109.0
2022-03-13 00:00:00,8.0,22101019,1610612756,PHX,Phoenix,Suns,54-14,48.0,31.0,40.0,21.0,0.0,0.0,0.0,0.0,0.0,0.0,0.0,0.0,0.0,0.0,140.0,1610612747,LAL,Los Angeles,Lakers,29-38,22.0,34.0,34.0,21.0,0.0,0.0,0.0,0.0,0.0,0.0,0.0,0.0,0.0,0.0,111.0
2022-03-14 00:00:00,9.0,22101028,1610612747,LAL,Los Angeles,Lakers,29-39,12.0,28.0,31.0,32.0,0.0,0.0,0.0,0.0,0.0,0.0,0.0,0.0,0.0,0.0,103.0,1610612761,TOR,Toronto,Raptors,38-30,33.0,25.0,33.0,23.0,0.0,0.0,0.0,0.0,0.0,0.0,0.0,0.0,0.0,0.0,114.0
2022-03-16 00:00:00,7.0,22101039,1610612747,LAL,Los Angeles,Lakers,29-40,17.0,29.0,31.0,27.0,0.0,0.0,0.0,0.0,0.0,0.0,0.0,0.0,0.0,0.0,104.0,1610612750,MIN,Minnesota,Timberwolves,41-30,31.0,36.0,19.0,38.0,0.0,0.0,0.0,0.0,0.0,0.0,0.0,0.0,0.0,0.0,124.0
2022-03-19 00:00:00,4.0,22101061,1610612747,LAL,Los Angeles,Lakers,30-41,36.0,31.0,32.0,20.0,0.0,0.0,0.0,0.0,0.0,0.0,0.0,0.0,0.0,0.0,119.0,1610612764,WAS,Washington,Wizards,30-40,26.0,32.0,35.0,34.0,0.0,0.0,0.0,0.0,0.0,0.0,0.0,0.0,0.0,0.0,127.0
2022-03-21 00:00:00,2.0,22101072,1610612747,LAL,Los Angeles,Lakers,31-41,28.0,39.0,29.0,35.0,0.0,0.0,0.0,0.0,0.0,0.0,0.0,0.0,0.0,0.0,131.0,1610612739,CLE,Cleveland,Cavaliers,41-31,35.0,27.0,35.0,23.0,0.0,0.0,0.0,0.0,0.0,0.0,0.0,0.0,0.0,0.0,120.0
2022-03-23 00:00:00,10.0,22101093,1610612755,PHI,Philadelphia,76ers,45-27,27.0,34.0,32.0,33.0,0.0,0.0,0.0,0.0,0.0,0.0,0.0,0.0,0.0,0.0,126.0,1610612747,LAL,Los Angeles,Lakers,31-42,30.0,22.0,39.0,30.0,0.0,0.0,0.0,0.0,0.0,0.0,0.0,0.0,0.0,0.0,121.0
2022-03-27 00:00:00,5.0,22101119,1610612740,NOP,New Orleans,Pelicans,32-43,23.0,26.0,41.0,26.0,0.0,0.0,0.0,0.0,0.0,0.0,0.0,0.0,0.0,0.0,116.0,1610612747,LAL,Los Angeles,Lakers,31-43,31.0,38.0,25.0,14.0,0.0,0.0,0.0,0.0,0.0,0.0,0.0,0.0,0.0,0.0,108.0
2022-03-29 00:00:00,4.0,22101134,1610612747,LAL,Los Angeles,Lakers,31-44,25.0,31.0,28.0,26.0,0.0,0.0,0.0,0.0,0.0,0.0,0.0,0.0,0.0,0.0,110.0,1610612742,DAL,Dallas,Mavericks,47-29,43.0,39.0,31.0,15.0,0.0,0.0,0.0,0.0,0.0,0.0,0.0,0.0,0.0,0.0,128.0
2022-03-31 00:00:00,5.0,22101150,1610612747,LAL,Los Angeles,Lakers,31-45,28.0,27.0,30.0,24.0,0.0,0.0,0.0,0.0,0.0,0.0,0.0,0.0,0.0,0.0,109.0,1610612762,UTA,Utah,Jazz,46-31,34.0,32.0,33.0,23.0,0.0,0.0,0.0,0.0,0.0,0.0,0.0,0.0,0.0,0.0,122.0
2022-04-01 00:00:00,10.0,22101160,1610612740,NOP,New Orleans,Pelicans,34-43,30.0,20.0,36.0,28.0,0.0,0.0,0.0,0.0,0.0,0.0,0.0,0.0,0.0,0.0,114.0,1610612747,LAL,Los Angeles,Lakers,31-46,25.0,25.0,37.0,24.0,0.0,0.0,0.0,0.0,0.0,0.0,0.0,0.0,0.0,0.0,111.0
2022-04-03 00:00:00,3.0,22101168,1610612747,LAL,Los Angeles,Lakers,31-47,28.0,33.0,33.0,24.0,0.0,0.0,0.0,0.0,0.0,0.0,0.0,0.0,0.0,0.0,118.0,1610612743,DEN,Denver,Nuggets,47-32,24.0,38.0,33.0,34.0,0.0,0.0,0.0,0.0,0.0,0.0,0.0,0.0,0.0,0.0,129.0
2022-04-05 00:00:00,12.0,22101189,1610612747,LAL,Los Angeles,Lakers,31-48,31.0,27.0,22.0,30.0,0.0,0.0,0.0,0.0,0.0,0.0,0.0,0.0,0.0,0.0,110.0,1610612756,PHX,Phoenix,Suns,63-16,28.0,35.0,35.0,23.0,0.0,0.0,0.0,0.0,0.0,0.0,0.0,0.0,0.0,0.0,121.0
2022-04-07 00:00:00,7.0,22101202,1610612747,LAL,Los Angeles,Lakers,31-49,32.0,30.0,22.0,28.0,0.0,0.0,0.0,0.0,0.0,0.0,0.0,0.0,0.0,0.0,112.0,1610612744,GSW,Golden State,Warriors,51-29,27.0,38.0,26.0,37.0,0.0,0.0,0.0,0.0,0.0,0.0,0.0,0.0,0.0,0.0,128.0
2022-04-08 00:00:00,9.0,22101211,1610612747,LAL,Los Angeles,Lakers,32-49,27.0,29.0,34.0,30.0,0.0,0.0,0.0,0.0,0.0,0.0,0.0,0.0,0.0,0.0,120.0,1610612760,OKC,Oklahoma City,Thunder,24-57,28.0,24.0,30.0,19.0,0.0,0.0,0.0,0.0,0.0,0.0,0.0,0.0,0.0,0.0,101.0
2022-04-10 00:00:00,11.0,22101220,1610612747,LAL,Los Angeles,Lakers,33-49,36.0,33.0,26.0,40.0,11.0,0.0,0.0,0.0,0.0,0.0,0.0,0.0,0.0,0.0,146.0,1610612743,DEN,Denver,Nuggets,48-34,33.0,36.0,39.0,27.0,6.0,0.0,0.0,0.0,0.0,0.0,0.0,0.0,0.0,0.0,141.0
2021-10-03 00:00:00,1.0,12100001,1610612751,BKN,Brooklyn,Nets,1-0,25.0,32.0,27.0,39.0,0.0,0.0,0.0,0.0,0.0,0.0,0.0,0.0,0.0,0.0,123.0,1610612747,LAL,Los Angeles,Lakers,0-1,19.0,30.0,32.0,16.0,0.0,0.0,0.0,0.0,0.0,0.0,0.0,0.0,0.0,0.0,97.0
2021-10-08 00:00:00,7.0,12100031,1610612744,GSW,Golden State,Warriors,3-0,21.0,38.0,32.0,30.0,0.0,0.0,0.0,0.0,0.0,0.0,0.0,0.0,0.0,0.0,121.0,1610612747,LAL,Los Angeles,Lakers,0-3,25.0,24.0,28.0,37.0,0.0,0.0,0.0,0.0,0.0,0.0,0.0,0.0,0.0,0.0,114.0
2021-10-10 00:00:00,4.0,12100038,1610612747,LAL,Los Angeles,Lakers,0-4,18.0,26.0,20.0,30.0,0.0,0.0,0.0,0.0,0.0,0.0,0.0,0.0,0.0,0.0,94.0,1610612756,PHX,Phoenix,Suns,2-1,28.0,23.0,37.0,35.0,0.0,0.0,0.0,0.0,0.0,0.0,0.0,0.0,0.0,0.0,123.0
2021-10-14 00:00:00,4.0,12100058,1610612758,SAC,Sacramento,Kings,4-0,35.0,36.0,21.0,24.0,0.0,0.0,0.0,0.0,0.0,0.0,0.0,0.0,0.0,0.0,116.0,1610612747,LAL,Los Angeles,Lakers,0-6,23.0,42.0,22.0,25.0,0.0,0.0,0.0,0.0,0.0,0.0,0.0,0.0,0.0,0.0,112.0
2022-10-18 00:00:00,2.0,22200002,1610612744,GSW,Golden State,Warriors,1-0,25.0,34.0,32.0,32.0,0.0,0.0,0.0,0.0,0.0,0.0,0.0,0.0,0.0,0.0,123.0,1610612747,LAL,Los Angeles,Lakers,0-1,22.0,30.0,19.0,38.0,0.0,0.0,0.0,0.0,0.0,0.0,0.0,0.0,0.0,0.0,109.0
2022-10-20 00:00:00,2.0,22200016,1610612746,LAC,LA,Clippers,1-0,35.0,21.0,29.0,18.0,0.0,0.0,0.0,0.0,0.0,0.0,0.0,0.0,0.0,0.0,103.0,1610612747,LAL,Los Angeles,Lakers,0-2,23.0,33.0,21.0,20.0,0.0,0.0,0.0,0.0,0.0,0.0,0.0,0.0,0.0,0.0,97.0
2022-10-23 00:00:00,1.0,22200037,1610612747,LAL,Los Angeles,Lakers,0-3,24.0,24.0,35.0,21.0,0.0,0.0,0.0,0.0,0.0,0.0,0.0,0.0,0.0,0.0,104.0,1610612757,POR,Portland,Trail Blazers,3-0,32.0,23.0,23.0,28.0,0.0,0.0,0.0,0.0,0.0,0.0,0.0,0.0,0.0,0.0,106.0
2022-10-26 00:00:00,9.0,22200064,1610612743,DEN,Denver,Nuggets,3-2,26.0,28.0,32.0,24.0,0.0,0.0,0.0,0.0,0.0,0.0,0.0,0.0,0.0,0.0,110.0,1610612747,LAL,Los Angeles,Lakers,0-4,22.0,32.0,17.0,28.0,0.0,0.0,0.0,0.0,0.0,0.0,0.0,0.0,0.0,0.0,99.0
2022-10-28 00:00:00,7.0,22200076,1610612750,MIN,Minnesota,Timberwolves,4-2,28.0,24.0,26.0,33.0,0.0,0.0,0.0,0.0,0.0,0.0,0.0,0.0,0.0,0.0,111.0,1610612747,LAL,Los Angeles,Lakers,0-5,25.0,27.0,23.0,27.0,0.0,0.0,0.0,0.0,0.0,0.0,0.0,0.0,0.0,0.0,102.0
2022-10-30 00:00:00,8.0,22200095,1610612747,LAL,Los Angeles,Lakers,1-5,26.0,29.0,38.0,28.0,0.0,0.0,0.0,0.0,0.0,0.0,0.0,0.0,0.0,0.0,121.0,1610612743,DEN,Denver,Nuggets,4-3,31.0,20.0,34.0,25.0,0.0,0.0,0.0,0.0,0.0,0.0,0.0,0.0,0.0,0.0,110.0
2022-11-02 00:00:00,11.0,22200117,1610612747,LAL,Los Angeles,Lakers,2-5,23.0,33.0,26.0,29.0,9.0,0.0,0.0,0.0,0.0,0.0,0.0,0.0,0.0,0.0,120.0,1610612740,NOP,New Orleans,Pelicans,4-3,27.0,17.0,35.0,32.0,6.0,0.0,0.0,0.0,0.0,0.0,0.0,0.0,0.0,0.0,117.0
2022-11-04 00:00:00,12.0,22200131,1610612762,UTA,Utah,Jazz,7-3,40.0,35.0,25.0,30.0,0.0,0.0,0.0,0.0,0.0,0.0,0.0,0.0,0.0,0.0,130.0,1610612747,LAL,Los Angeles,Lakers,2-6,34.0,28.0,33.0,21.0,0.0,0.0,0.0,0.0,0.0,0.0,0.0,0.0,0.0,0.0,116.0
2022-11-06 00:00:00,1.0,22200140,1610612747,LAL,Los Angeles,Lakers,2-7,36.0,28.0,16.0,20.0,0.0,0.0,0.0,0.0,0.0,0.0,0.0,0.0,0.0,0.0,100.0,1610612739,CLE,Cleveland,Cavaliers,8-1,30.0,28.0,29.0,27.0,0.0,0.0,0.0,0.0,0.0,0.0,0.0,0.0,0.0,0.0,114.0
2022-11-07 00:00:00,14.0,22200157,1610612762,UTA,Utah,Jazz,9-3,42.0,34.0,39.0,24.0,0.0,0.0,0.0,0.0,0.0,0.0,0.0,0.0,0.0,0.0,139.0,1610612747,LAL,Los Angeles,Lakers,2-8,34.0,37.0,27.0,18.0,0.0,0.0,0.0,0.0,0.0,0.0,0.0,0.0,0.0,0.0,116.0
2022-11-09 00:00:00,12.0,22200170,1610612747,LAL,Los Angeles,Lakers,2-9,21.0,31.0,23.0,26.0,0.0,0.0,0.0,0.0,0.0,0.0,0.0,0.0,0.0,0.0,101.0,1610612746,LAC,LA,Clippers,7-5,38.0,16.0,33.0,27.0,0.0,0.0,0.0,0.0,0.0,0.0,0.0,0.0,0.0,0.0,114.0
2022-11-11 00:00:00,8.0,22200183,1610612747,LAL,Los Angeles,Lakers,2-10,23.0,37.0,28.0,26.0,0.0,0.0,0.0,0.0,0.0,0.0,0.0,0.0,0.0,0.0,114.0,1610612758,SAC,Sacramento,Kings,5-6,23.0,33.0,31.0,33.0,0.0,0.0,0.0,0.0,0.0,0.0,0.0,0.0,0.0,0.0,120.0
2022-11-13 00:00:00,7.0,22200198,1610612747,LAL,Los Angeles,Lakers,3-10,26.0,29.0,25.0,36.0,0.0,0.0,0.0,0.0,0.0,0.0,0.0,0.0,0.0,0.0,116.0,1610612751,BKN,Brooklyn,Nets,6-8,22.0,24.0,31.0,26.0,0.0,0.0,0.0,0.0,0.0,0.0,0.0,0.0,0.0,0.0,103.0
2022-11-18 00:00:00,11.0,22200234,1610612765,DET,Detroit,Pistons,3-14,37.0,27.0,31.0,26.0,0.0,0.0,0.0,0.0,0.0,0.0,0.0,0.0,0.0,0.0,121.0,1610612747,LAL,Los Angeles,Lakers,4-10,30.0,38.0,28.0,32.0,0.0,0.0,0.0,0.0,0.0,0.0,0.0,0.0,0.0,0.0,128.0
2022-11-20 00:00:00,8.0,22200247,1610612759,SAS,San Antonio,Spurs,6-12,20.0,28.0,19.0,25.0,0.0,0.0,0.0,0.0,0.0,0.0,0.0,0.0,0.0,0.0,92.0,1610612747,LAL,Los Angeles,Lakers,5-10,34.0,32.0,29.0,28.0,0.0,0.0,0.0,0.0,0.0,0.0,0.0,0.0,0.0,0.0,123.0
2022-11-22 00:00:00,4.0,22200259,1610612756,PHX,Phoenix,Suns,11-6,26.0,27.0,33.0,29.0,0.0,0.0,0.0,0.0,0.0,0.0,0.0,0.0,0.0,0.0,115.0,1610612747,LAL,Los Angeles,Lakers,5-11,22.0,33.0,24.0,26.0,0.0,0.0,0.0,0.0,0.0,0.0,0.0,0.0,0.0,0.0,105.0
2022-11-25 00:00:00,11.0,22200282,1610612759,SAS,San Antonio,Spurs,6-14,21.0,20.0,34.0,19.0,0.0,0.0,0.0,0.0,0.0,0.0,0.0,0.0,0.0,0.0,94.0,1610612747,LAL,Los Angeles,Lakers,6-11,33.0,26.0,20.0,26.0,0.0,0.0,0.0,0.0,0.0,0.0,0.0,0.0,0.0,0.0,105.0
2022-11-26 00:00:00,3.0,22200288,1610612759,SAS,San Antonio,Spurs,6-15,34.0,34.0,29.0,41.0,0.0,0.0,0.0,0.0,0.0,0.0,0.0,0.0,0.0,0.0,138.0,1610612747,LAL,Los Angeles,Lakers,7-11,33.0,37.0,36.0,37.0,0.0,0.0,0.0,0.0,0.0,0.0,0.0,0.0,0.0,0.0,143.0
2022-11-30 00:00:00,13.0,22200324,1610612757,POR,Portland,Trail Blazers,11-11,22.0,40.0,20.0,27.0,0.0,0.0,0.0,0.0,0.0,0.0,0.0,0.0,0.0,0.0,109.0,1610612747,LAL,Los Angeles,Lakers,8-12,24.0,42.0,31.0,31.0,0.0,0.0,0.0,0.0,0.0,0.0,0.0,0.0,0.0,0.0,128.0
2022-12-02 00:00:00,6.0,22200331,1610612747,LAL,Los Angeles,Lakers,9-12,33.0,33.0,35.0,32.0,0.0,0.0,0.0,0.0,0.0,0.0,0.0,0.0,0.0,0.0,133.0,1610612749,MIL,Milwaukee,Bucks,15-6,31.0,27.0,39.0,32.0,0.0,0.0,0.0,0.0,0.0,0.0,0.0,0.0,0.0,0.0,129.0
2022-12-04 00:00:00,6.0,22200349,1610612747,LAL,Los Angeles,Lakers,10-12,33.0,35.0,37.0,25.0,0.0,0.0,0.0,0.0,0.0,0.0,0.0,0.0,0.0,0.0,130.0,1610612764,WAS,Washington,Wizards,11-13,27.0,23.0,31.0,38.0,0.0,0.0,0.0,0.0,0.0,0.0,0.0,0.0,0.0,0.0,119.0
2022-12-07 00:00:00,4.0,22200366,1610612761,TOR,Toronto,Raptors,13-12,39.0,31.0,27.0,29.0,0.0,0.0,0.0,0.0,0.0,0.0,0.0,0.0,0.0,0.0,126.0,1610612747,LAL,Los Angeles,Lakers,10-14,31.0,16.0,28.0,38.0,0.0,0.0,0.0,0.0,0.0,0.0,0.0,0.0,0.0,0.0,113.0
2022-12-11 00:00:00,2.0,22200396,1610612765,DET,Detroit,Pistons,7-22,26.0,23.0,41.0,27.0,0.0,0.0,0.0,0.0,0.0,0.0,0.0,0.0,0.0,0.0,117.0,1610612747,LAL,Los Angeles,Lakers,11-15,32.0,29.0,30.0,33.0,0.0,0.0,0.0,0.0,0.0,0.0,0.0,0.0,0.0,0.0,124.0
2022-12-13 00:00:00,5.0,22200413,1610612747,LAL,Los Angeles,Lakers,11-16,24.0,26.0,32.0,28.0,8.0,0.0,0.0,0.0,0.0,0.0,0.0,0.0,0.0,0.0,118.0,1610612738,BOS,Boston,Celtics,22-7,37.0,28.0,23.0,22.0,12.0,0.0,0.0,0.0,0.0,0.0,0.0,0.0,0.0,0.0,122.0
2022-12-16 00:00:00,10.0,22200437,1610612747,LAL,Los Angeles,Lakers,12-16,33.0,31.0,29.0,33.0,0.0,0.0,0.0,0.0,0.0,0.0,0.0,0.0,0.0,0.0,126.0,1610612743,DEN,Denver,Nuggets,17-11,32.0,33.0,23.0,20.0,0.0,0.0,0.0,0.0,0.0,0.0,0.0,0.0,0.0,0.0,108.0
2022-12-18 00:00:00,7.0,22200451,1610612764,WAS,Washington,Wizards,11-20,29.0,23.0,36.0,29.0,0.0,0.0,0.0,0.0,0.0,0.0,0.0,0.0,0.0,0.0,117.0,1610612747,LAL,Los Angeles,Lakers,13-16,30.0,36.0,21.0,32.0,0.0,0.0,0.0,0.0,0.0,0.0,0.0,0.0,0.0,0.0,119.0
2022-12-21 00:00:00,10.0,22200475,1610612758,SAC,Sacramento,Kings,17-13,25.0,41.0,40.0,28.0,0.0,0.0,0.0,0.0,0.0,0.0,0.0,0.0,0.0,0.0,134.0,1610612747,LAL,Los Angeles,Lakers,13-18,26.0,32.0,28.0,34.0,0.0,0.0,0.0,0.0,0.0,0.0,0.0,0.0,0.0,0.0,120.0
2022-12-23 00:00:00,14.0,22200492,1610612766,CHA,Charlotte,Hornets,9-24,27.0,40.0,30.0,37.0,0.0,0.0,0.0,0.0,0.0,0.0,0.0,0.0,0.0,0.0,134.0,1610612747,LAL,Los Angeles,Lakers,13-19,31.0,36.0,20.0,43.0,0.0,0.0,0.0,0.0,0.0,0.0,0.0,0.0,0.0,0.0,130.0
2022-12-25 00:00:00,2.0,22200494,1610612747,LAL,Los Angeles,Lakers,13-20,28.0,26.0,21.0,40.0,0.0,0.0,0.0,0.0,0.0,0.0,0.0,0.0,0.0,0.0,115.0,1610612742,DAL,Dallas,Mavericks,18-16,21.0,22.0,51.0,30.0,0.0,0.0,0.0,0.0,0.0,0.0,0.0,0.0,0.0,0.0,124.0
2022-12-28 00:00:00,4.0,22200518,1610612748,MIA,Miami,Heat,18-17,33.0,28.0,34.0,17.0,0.0,0.0,0.0,0.0,0.0,0.0,0.0,0.0,0.0,0.0,112.0,1610612747,LAL,Los Angeles,Lakers,14-21,25.0,27.0,26.0,20.0,0.0,0.0,0.0,0.0,0.0,0.0,0.0,0.0,0.0,0.0,98.0
2023-01-02 00:00:00,2.0,22200551,1610612747,LAL,Los Angeles,Lakers,16-21,22.0,38.0,34.0,27.0,0.0,0.0,0.0,0.0,0.0,0.0,0.0,0.0,0.0,0.0,121.0,1610612766,CHA,Charlotte,Hornets,10-28,21.0,24.0,31.0,39.0,0.0,0.0,0.0,0.0,0.0,0.0,0.0,0.0,0.0,0.0,115.0
2023-01-04 00:00:00,11.0,22200574,1610612747,LAL,Los Angeles,Lakers,17-21,32.0,20.0,27.0,33.0,0.0,0.0,0.0,0.0,0.0,0.0,0.0,0.0,0.0,0.0,112.0,1610612748,MIA,Miami,Heat,20-19,23.0,25.0,30.0,31.0,0.0,0.0,0.0,0.0,0.0,0.0,0.0,0.0,0.0,0.0,109.0
2023-01-06 00:00:00,11.0,22200590,1610612737,ATL,Atlanta,Hawks,18-21,28.0,21.0,33.0,32.0,0.0,0.0,0.0,0.0,0.0,0.0,0.0,0.0,0.0,0.0,114.0,1610612747,LAL,Los Angeles,Lakers,18-21,37.0,33.0,28.0,32.0,0.0,0.0,0.0,0.0,0.0,0.0,0.0,0.0,0.0,0.0,130.0
2023-01-07 00:00:00,5.0,22200595,1610612758,SAC,Sacramento,Kings,20-18,38.0,35.0,36.0,25.0,0.0,0.0,0.0,0.0,0.0,0.0,0.0,0.0,0.0,0.0,134.0,1610612747,LAL,Los Angeles,Lakers,19-21,37.0,36.0,36.0,27.0,0.0,0.0,0.0,0.0,0.0,0.0,0.0,0.0,0.0,0.0,136.0
2023-01-09 00:00:00,5.0,22200609,1610612743,DEN,Denver,Nuggets,27-13,29.0,33.0,32.0,28.0,0.0,0.0,0.0,0.0,0.0,0.0,0.0,0.0,0.0,0.0,122.0,1610612747,LAL,Los Angeles,Lakers,19-22,23.0,25.0,31.0,30.0,0.0,0.0,0.0,0.0,0.0,0.0,0.0,0.0,0.0,0.0,109.0
2023-01-12 00:00:00,5.0,22200630,1610612742,DAL,Dallas,Mavericks,24-19,36.0,23.0,23.0,19.0,7.0,11.0,0.0,0.0,0.0,0.0,0.0,0.0,0.0,0.0,119.0,1610612747,LAL,Los Angeles,Lakers,19-23,22.0,26.0,28.0,25.0,7.0,7.0,0.0,0.0,0.0,0.0,0.0,0.0,0.0,0.0,115.0
2023-01-15 00:00:00,8.0,22200655,1610612747,LAL,Los Angeles,Lakers,19-24,32.0,26.0,25.0,29.0,0.0,0.0,0.0,0.0,0.0,0.0,0.0,0.0,0.0,0.0,112.0,1610612755,PHI,Philadelphia,76ers,27-16,33.0,24.0,29.0,27.0,0.0,0.0,0.0,0.0,0.0,0.0,0.0,0.0,0.0,0.0,113.0
2023-01-16 00:00:00,9.0,22200664,1610612747,LAL,Los Angeles,Lakers,20-24,37.0,36.0,29.0,38.0,0.0,0.0,0.0,0.0,0.0,0.0,0.0,0.0,0.0,0.0,140.0,1610612745,HOU,Houston,Rockets,10-34,35.0,26.0,37.0,34.0,0.0,0.0,0.0,0.0,0.0,0.0,0.0,0.0,0.0,0.0,132.0
2023-01-22 00:00:00,7.0,22200705,1610612757,POR,Portland,Trail Blazers,21-25,26.0,45.0,20.0,21.0,0.0,0.0,0.0,0.0,0.0,0.0,0.0,0.0,0.0,0.0,112.0,1610612747,LAL,Los Angeles,Lakers,22-25,33.0,13.0,40.0,35.0,0.0,0.0,0.0,0.0,0.0,0.0,0.0,0.0,0.0,0.0,121.0
2023-01-24 00:00:00,7.0,22200719,1610612746,LAC,LA,Clippers,26-24,37.0,40.0,21.0,35.0,0.0,0.0,0.0,0.0,0.0,0.0,0.0,0.0,0.0,0.0,133.0,1610612747,LAL,Los Angeles,Lakers,22-26,30.0,24.0,28.0,33.0,0.0,0.0,0.0,0.0,0.0,0.0,0.0,0.0,0.0,0.0,115.0
2023-01-25 00:00:00,10.0,22200729,1610612747,LAL,Los Angeles,Lakers,23-26,25.0,28.0,28.0,32.0,0.0,0.0,0.0,0.0,0.0,0.0,0.0,0.0,0.0,0.0,113.0,1610612759,SAS,San Antonio,Spurs,14-34,30.0,24.0,28.0,22.0,0.0,0.0,0.0,0.0,0.0,0.0,0.0,0.0,0.0,0.0,104.0
2023-01-28 00:00:00,9.0,22200749,1610612747,LAL,Los Angeles,Lakers,23-27,27.0,27.0,27.0,24.0,16.0,0.0,0.0,0.0,0.0,0.0,0.0,0.0,0.0,0.0,121.0,1610612738,BOS,Boston,Celtics,36-15,28.0,20.0,33.0,24.0,20.0,0.0,0.0,0.0,0.0,0.0,0.0,0.0,0.0,0.0,125.0
2023-01-30 00:00:00,2.0,22200757,1610612751,BKN,Brooklyn,Nets,31-19,29.0,29.0,27.0,36.0,0.0,0.0,0.0,0.0,0.0,0.0,0.0,0.0,0.0,0.0,121.0,1610612747,LAL,Los Angeles,Lakers,23-28,16.0,30.0,36.0,22.0,0.0,0.0,0.0,0.0,0.0,0.0,0.0,0.0,0.0,0.0,104.0
2023-01-31 00:00:00,2.0,22200765,1610612752,NYK,New York,Knicks,27-25,24.0,29.0,30.0,31.0,9.0,0.0,0.0,0.0,0.0,0.0,0.0,0.0,0.0,0.0,123.0,1610612747,LAL,Los Angeles,Lakers,24-28,29.0,23.0,34.0,28.0,15.0,0.0,0.0,0.0,0.0,0.0,0.0,0.0,0.0,0.0,129.0
2023-02-02 00:00:00,1.0,22200778,1610612747,LAL,Los Angeles,Lakers,25-28,30.0,24.0,30.0,28.0,0.0,0.0,0.0,0.0,0.0,0.0,0.0,0.0,0.0,0.0,112.0,1610612754,IND,Indiana,Pacers,24-29,35.0,32.0,29.0,15.0,0.0,0.0,0.0,0.0,0.0,0.0,0.0,0.0,0.0,0.0,111.0
2023-02-04 00:00:00,2.0,22200798,1610612740,NOP,New Orleans,Pelicans,27-27,30.0,31.0,42.0,28.0,0.0,0.0,0.0,0.0,0.0,0.0,0.0,0.0,0.0,0.0,131.0,1610612747,LAL,Los Angeles,Lakers,25-29,32.0,40.0,34.0,20.0,0.0,0.0,0.0,0.0,0.0,0.0,0.0,0.0,0.0,0.0,126.0
2023-02-07 00:00:00,6.0,22200821,1610612760,OKC,Oklahoma City,Thunder,26-28,36.0,40.0,28.0,29.0,0.0,0.0,0.0,0.0,0.0,0.0,0.0,0.0,0.0,0.0,133.0,1610612747,LAL,Los Angeles,Lakers,25-30,34.0,32.0,33.0,31.0,0.0,0.0,0.0,0.0,0.0,0.0,0.0,0.0,0.0,0.0,130.0
2023-02-11 00:00:00,8.0,22200853,1610612744,GSW,Golden State,Warriors,28-28,22.0,31.0,26.0,24.0,0.0,0.0,0.0,0.0,0.0,0.0,0.0,0.0,0.0,0.0,103.0,1610612747,LAL,Los Angeles,Lakers,26-31,21.0,30.0,34.0,24.0,0.0,0.0,0.0,0.0,0.0,0.0,0.0,0.0,0.0,0.0,109.0
2023-02-15 00:00:00,10.0,22200882,1610612740,NOP,New Orleans,Pelicans,30-29,25.0,26.0,24.0,27.0,0.0,0.0,0.0,0.0,0.0,0.0,0.0,0.0,0.0,0.0,102.0,1610612747,LAL,Los Angeles,Lakers,27-32,38.0,17.0,34.0,31.0,0.0,0.0,0.0,0.0,0.0,0.0,0.0,0.0,0.0,0.0,120.0
2023-02-26 00:00:00,4.0,22200913,1610612742,DAL,Dallas,Mavericks,32-30,28.0,33.0,20.0,27.0,0.0,0.0,0.0,0.0,0.0,0.0,0.0,0.0,0.0,0.0,108.0,1610612747,LAL,Los Angeles,Lakers,29-32,16.0,31.0,31.0,33.0,0.0,0.0,0.0,0.0,0.0,0.0,0.0,0.0,0.0,0.0,111.0
2023-02-28 00:00:00,4.0,22200927,1610612763,MEM,Memphis,Grizzlies,37-23,26.0,20.0,47.0,28.0,0.0,0.0,0.0,0.0,0.0,0.0,0.0,0.0,0.0,0.0,121.0,1610612747,LAL,Los Angeles,Lakers,29-33,22.0,27.0,35.0,25.0,0.0,0.0,0.0,0.0,0.0,0.0,0.0,0.0,0.0,0.0,109.0
2023-03-03 00:00:00,10.0,22200955,1610612750,MIN,Minnesota,Timberwolves,33-32,33.0,23.0,27.0,27.0,0.0,0.0,0.0,0.0,0.0,0.0,0.0,0.0,0.0,0.0,110.0,1610612747,LAL,Los Angeles,Lakers,30-34,34.0,21.0,21.0,26.0,0.0,0.0,0.0,0.0,0.0,0.0,0.0,0.0,0.0,0.0,102.0
2023-03-05 00:00:00,3.0,22200964,1610612744,GSW,Golden State,Warriors,34-31,18.0,36.0,18.0,33.0,0.0,0.0,0.0,0.0,0.0,0.0,0.0,0.0,0.0,0.0,105.0,1610612747,LAL,Los Angeles,Lakers,31-34,33.0,22.0,23.0,35.0,0.0,0.0,0.0,0.0,0.0,0.0,0.0,0.0,0.0,0.0,113.0
2023-03-07 00:00:00,8.0,22200984,1610612763,MEM,Memphis,Grizzlies,38-26,21.0,36.0,23.0,23.0,0.0,0.0,0.0,0.0,0.0,0.0,0.0,0.0,0.0,0.0,103.0,1610612747,LAL,Los Angeles,Lakers,32-34,23.0,33.0,26.0,30.0,0.0,0.0,0.0,0.0,0.0,0.0,0.0,0.0,0.0,0.0,112.0
2023-03-10 00:00:00,6.0,22201003,1610612747,LAL,Los Angeles,Lakers,33-34,31.0,39.0,15.0,37.0,0.0,0.0,0.0,0.0,0.0,0.0,0.0,0.0,0.0,0.0,122.0,1610612761,TOR,Toronto,Raptors,32-36,35.0,27.0,28.0,22.0,0.0,0.0,0.0,0.0,0.0,0.0,0.0,0.0,0.0,0.0,112.0
2023-03-12 00:00:00,6.0,22201019,1610612752,NYK,New York,Knicks,40-30,31.0,31.0,23.0,27.0,0.0,0.0,0.0,0.0,0.0,0.0,0.0,0.0,0.0,0.0,112.0,1610612747,LAL,Los Angeles,Lakers,33-35,27.0,32.0,27.0,22.0,0.0,0.0,0.0,0.0,0.0,0.0,0.0,0.0,0.0,0.0,108.0
2023-03-14 00:00:00,4.0,22201030,1610612740,NOP,New Orleans,Pelicans,33-36,24.0,16.0,35.0,33.0,0.0,0.0,0.0,0.0,0.0,0.0,0.0,0.0,0.0,0.0,108.0,1610612747,LAL,Los Angeles,Lakers,34-35,39.0,36.0,23.0,25.0,0.0,0.0,0.0,0.0,0.0,0.0,0.0,0.0,0.0,0.0,123.0
2023-03-15 00:00:00,4.0,22201038,1610612747,LAL,Los Angeles,Lakers,34-36,19.0,29.0,26.0,36.0,0.0,0.0,0.0,0.0,0.0,0.0,0.0,0.0,0.0,0.0,110.0,1610612745,HOU,Houston,Rockets,17-52,31.0,31.0,21.0,31.0,0.0,0.0,0.0,0.0,0.0,0.0,0.0,0.0,0.0,0.0,114.0
2023-03-17 00:00:00,8.0,22201054,1610612742,DAL,Dallas,Mavericks,36-35,29.0,33.0,27.0,22.0,0.0,0.0,0.0,0.0,0.0,0.0,0.0,0.0,0.0,0.0,111.0,1610612747,LAL,Los Angeles,Lakers,34-37,33.0,21.0,26.0,30.0,0.0,0.0,0.0,0.0,0.0,0.0,0.0,0.0,0.0,0.0,110.0
2023-03-19 00:00:00,8.0,22201070,1610612747,LAL,Los Angeles,Lakers,35-37,28.0,31.0,25.0,27.0,0.0,0.0,0.0,0.0,0.0,0.0,0.0,0.0,0.0,0.0,111.0,1610612753,ORL,Orlando,Magic,29-43,25.0,24.0,32.0,24.0,0.0,0.0,0.0,0.0,0.0,0.0,0.0,0.0,0.0,0.0,105.0
2023-03-22 00:00:00,10.0,22201092,1610612747,LAL,Los Angeles,Lakers,36-37,23.0,36.0,29.0,34.0,0.0,0.0,0.0,0.0,0.0,0.0,0.0,0.0,0.0,0.0,122.0,1610612756,PHX,Phoenix,Suns,38-34,26.0,26.0,33.0,26.0,0.0,0.0,0.0,0.0,0.0,0.0,0.0,0.0,0.0,0.0,111.0
2023-03-24 00:00:00,10.0,22201106,1610612747,LAL,Los Angeles,Lakers,37-37,41.0,33.0,19.0,23.0,0.0,0.0,0.0,0.0,0.0,0.0,0.0,0.0,0.0,0.0,116.0,1610612760,OKC,Oklahoma City,Thunder,36-38,25.0,41.0,26.0,19.0,0.0,0.0,0.0,0.0,0.0,0.0,0.0,0.0,0.0,0.0,111.0
2023-03-26 00:00:00,2.0,22201114,1610612741,CHI,Chicago,Bulls,36-38,29.0,34.0,28.0,27.0,0.0,0.0,0.0,0.0,0.0,0.0,0.0,0.0,0.0,0.0,118.0,1610612747,LAL,Los Angeles,Lakers,37-38,26.0,29.0,23.0,30.0,0.0,0.0,0.0,0.0,0.0,0.0,0.0,0.0,0.0,0.0,108.0
2023-03-29 00:00:00,5.0,22201140,1610612741,CHI,Chicago,Bulls,36-40,20.0,31.0,25.0,34.0,0.0,0.0,0.0,0.0,0.0,0.0,0.0,0.0,0.0,0.0,110.0,1610612747,LAL,Los Angeles,Lakers,38-38,31.0,28.0,26.0,36.0,0.0,0.0,0.0,0.0,0.0,0.0,0.0,0.0,0.0,0.0,121.0
2023-03-31 00:00:00,10.0,22201157,1610612750,MIN,Minnesota,Timberwolves,39-39,29.0,36.0,18.0,28.0,0.0,0.0,0.0,0.0,0.0,0.0,0.0,0.0,0.0,0.0,111.0,1610612747,LAL,Los Angeles,Lakers,39-38,27.0,28.0,35.0,33.0,0.0,0.0,0.0,0.0,0.0,0.0,0.0,0.0,0.0,0.0,123.0
2023-04-05 00:00:00,8.0,22201196,1610612746,LAC,LA,Clippers,42-38,37.0,34.0,22.0,32.0,0.0,0.0,0.0,0.0,0.0,0.0,0.0,0.0,0.0,0.0,125.0,1610612747,LAL,Los Angeles,Lakers,41-39,31.0,21.0,30.0,36.0,0.0,0.0,0.0,0.0,0.0,0.0,0.0,0.0,0.0,0.0,118.0
2023-04-07 00:00:00,11.0,22201212,1610612756,PHX,Phoenix,Suns,45-36,34.0,28.0,27.0,18.0,0.0,0.0,0.0,0.0,0.0,0.0,0.0,0.0,0.0,0.0,107.0,1610612747,LAL,Los Angeles,Lakers,42-39,30.0,31.0,35.0,25.0,0.0,0.0,0.0,0.0,0.0,0.0,0.0,0.0,0.0,0.0,121.0
2023-04-09 00:00:00,13.0,22201228,1610612762,UTA,Utah,Jazz,37-45,25.0,31.0,39.0,22.0,0.0,0.0,0.0,0.0,0.0,0.0,0.0,0.0,0.0,0.0,117.0,1610612747,LAL,Los Angeles,Lakers,43-39,31.0,34.0,34.0,29.0,0.0,0.0,0.0,0.0,0.0,0.0,0.0,0.0,0.0,0.0,128.0
2022-10-03 00:00:00,4.0,12200012,1610612747,LAL,Los Angeles,Lakers,0-1,27.0,19.0,13.0,16.0,0.0,0.0,0.0,0.0,0.0,0.0,0.0,0.0,0.0,0.0,75.0,1610612758,SAC,Sacramento,Kings,1-0,21.0,20.0,35.0,29.0,0.0,0.0,0.0,0.0,0.0,0.0,0.0,0.0,0.0,0.0,105.0
2022-10-05 00:00:00,5.0,12200022,1610612756,PHX,Phoenix,Suns,1-1,28.0,34.0,29.0,28.0,0.0,0.0,0.0,0.0,0.0,0.0,0.0,0.0,0.0,0.0,119.0,1610612747,LAL,Los Angeles,Lakers,0-2,35.0,34.0,26.0,20.0,0.0,0.0,0.0,0.0,0.0,0.0,0.0,0.0,0.0,0.0,115.0
2022-10-09 00:00:00,4.0,12200040,1610612747,LAL,Los Angeles,Lakers,1-3,35.0,25.0,29.0,35.0,0.0,0.0,0.0,0.0,0.0,0.0,0.0,0.0,0.0,0.0,124.0,1610612744,GSW,Golden State,Warriors,2-1,33.0,19.0,39.0,30.0,0.0,0.0,0.0,0.0,0.0,0.0,0.0,0.0,0.0,0.0,121.0
2022-10-12 00:00:00,6.0,12200057,1610612750,MIN,Minnesota,Timberwolves,4-0,30.0,32.0,25.0,31.0,0.0,0.0,0.0,0.0,0.0,0.0,0.0,0.0,0.0,0.0,118.0,1610612747,LAL,Los Angeles,Lakers,1-4,30.0,24.0,26.0,33.0,0.0,0.0,0.0,0.0,0.0,0.0,0.0,0.0,0.0,0.0,113.0
2022-10-14 00:00:00,9.0,12200070,1610612747,LAL,Los Angeles,Lakers,1-5,23.0,21.0,18.0,24.0,0.0,0.0,0.0,0.0,0.0,0.0,0.0,0.0,0.0,0.0,86.0,1610612758,SAC,Sacramento,Kings,4-0,36.0,29.0,30.0,38.0,0.0,0.0,0.0,0.0,0.0,0.0,0.0,0.0,0.0,0.0,133.0
2023-04-16 00:00:00,1.0,42200151,1610612763,MEM,Memphis,Grizzlies,0-1,27.0,38.0,25.0,22.0,0.0,0.0,0.0,0.0,0.0,0.0,0.0,0.0,0.0,0.0,112.0,1610612747,LAL,Los Angeles,Lakers,1-0,32.0,27.0,37.0,32.0,0.0,0.0,0.0,0.0,0.0,0.0,0.0,0.0,0.0,0.0,128.0
2023-04-19 00:00:00,1.0,42200152,1610612747,LAL,Los Angeles,Lakers,1-1,19.0,25.0,27.0,22.0,0.0,0.0,0.0,0.0,0.0,0.0,0.0,0.0,0.0,0.0,93.0,1610612763,MEM,Memphis,Grizzlies,1-1,30.0,29.0,24.0,20.0,0.0,0.0,0.0,0.0,0.0,0.0,0.0,0.0,0.0,0.0,103.0
2023-04-22 00:00:00,4.0,42200153,1610612763,MEM,Memphis,Grizzlies,1-2,9.0,28.0,31.0,33.0,0.0,0.0,0.0,0.0,0.0,0.0,0.0,0.0,0.0,0.0,101.0,1610612747,LAL,Los Angeles,Lakers,2-1,35.0,18.0,35.0,23.0,0.0,0.0,0.0,0.0,0.0,0.0,0.0,0.0,0.0,0.0,111.0
2023-04-24 00:00:00,3.0,42200154,1610612763,MEM,Memphis,Grizzlies,1-3,23.0,29.0,31.0,21.0,7.0,0.0,0.0,0.0,0.0,0.0,0.0,0.0,0.0,0.0,111.0,1610612747,LAL,Los Angeles,Lakers,3-1,29.0,25.0,27.0,23.0,13.0,0.0,0.0,0.0,0.0,0.0,0.0,0.0,0.0,0.0,117.0
2023-04-26 00:00:00,2.0,42200155,1610612763,MEM,Memphis,Grizzlies,2-3,38.0,23.0,33.0,22.0,0.0,0.0,0.0,0.0,0.0,0.0,0.0,0.0,0.0,0.0,116.0,1610612747,LAL,Los Angeles,Lakers,3-2,24.0,28.0,24.0,23.0,0.0,0.0,0.0,0.0,0.0,0.0,0.0,0.0,0.0,0.0,99.0
2023-04-28 00:00:00,4.0,42200156,1610612747,LAL,Los Angeles,Lakers,4-2,31.0,28.0,41.0,25.0,0.0,0.0,0.0,0.0,0.0,0.0,0.0,0.0,0.0,0.0,125.0,1610612763,MEM,Memphis,Grizzlies,2-4,20.0,22.0,25.0,18.0,0.0,0.0,0.0,0.0,0.0,0.0,0.0,0.0,0.0,0.0,85.0
2023-05-02 00:00:00,2.0,42200231,1610612747,LAL,Los Angeles,Lakers,1-0,29.0,36.0,31.0,21.0,0.0,0.0,0.0,0.0,0.0,0.0,0.0,0.0,0.0,0.0,117.0,1610612744,GSW,Golden State,Warriors,0-1,31.0,33.0,24.0,24.0,0.0,0.0,0.0,0.0,0.0,0.0,0.0,0.0,0.0,0.0,112.0
2023-05-04 00:00:00,1.0,42200232,1610612747,LAL,Los Angeles,Lakers,1-1,33.0,23.0,24.0,20.0,0.0,0.0,0.0,0.0,0.0,0.0,0.0,0.0,0.0,0.0,100.0,1610612744,GSW,Golden State,Warriors,1-1,26.0,41.0,43.0,17.0,0.0,0.0,0.0,0.0,0.0,0.0,0.0,0.0,0.0,0.0,127.0
2023-05-06 00:00:00,2.0,42200233,1610612747,LAL,Los Angeles,Lakers,2-1,23.0,36.0,27.0,41.0,0.0,0.0,0.0,0.0,0.0,0.0,0.0,0.0,0.0,0.0,127.0,1610612744,GSW,Golden State,Warriors,1-2,30.0,18.0,20.0,29.0,0.0,0.0,0.0,0.0,0.0,0.0,0.0,0.0,0.0,0.0,97.0
2023-05-08 00:00:00,2.0,42200234,1610612747,LAL,Los Angeles,Lakers,3-1,22.0,27.0,28.0,27.0,0.0,0.0,0.0,0.0,0.0,0.0,0.0,0.0,0.0,0.0,104.0,1610612744,GSW,Golden State,Warriors,1-3,21.0,31.0,32.0,17.0,0.0,0.0,0.0,0.0,0.0,0.0,0.0,0.0,0.0,0.0,101.0
2023-05-10 00:00:00,2.0,42200235,1610612747,LAL,Los Angeles,Lakers,3-2,28.0,31.0,23.0,24.0,0.0,0.0,0.0,0.0,0.0,0.0,0.0,0.0,0.0,0.0,106.0,1610612744,GSW,Golden State,Warriors,2-3,32.0,38.0,23.0,28.0,0.0,0.0,0.0,0.0,0.0,0.0,0.0,0.0,0.0,0.0,121.0
2023-05-12 00:00:00,2.0,42200236,1610612744,GSW,Golden State,Warriors,2-4,26.0,20.0,31.0,24.0,0.0,0.0,0.0,0.0,0.0,0.0,0.0,0.0,0.0,0.0,101.0,1610612747,LAL,Los Angeles,Lakers,4-2,31.0,25.0,35.0,31.0,0.0,0.0,0.0,0.0,0.0,0.0,0.0,0.0,0.0,0.0,122.0
2023-05-16 00:00:00,1.0,42200311,1610612747,LAL,Los Angeles,Lakers,0-1,25.0,29.0,38.0,34.0,0.0,0.0,0.0,0.0,0.0,0.0,0.0,0.0,0.0,0.0,126.0,1610612743,DEN,Denver,Nuggets,1-0,37.0,35.0,34.0,26.0,0.0,0.0,0.0,0.0,0.0,0.0,0.0,0.0,0.0,0.0,132.0
2023-05-18 00:00:00,1.0,42200312,1610612743,DEN,Denver,Nuggets,2-0,27.0,21.0,28.0,32.0,0.0,0.0,0.0,0.0,0.0,0.0,0.0,0.0,0.0,0.0,108.0,1610612747,LAL,Los Angeles,Lakers,0-2,27.0,26.0,26.0,24.0,0.0,0.0,0.0,0.0,0.0,0.0,0.0,0.0,0.0,0.0,103.0
2023-05-20 00:00:00,1.0,42200313,1610612747,LAL,Los Angeles,Lakers,0-3,20.0,35.0,27.0,26.0,0.0,0.0,0.0,0.0,0.0,0.0,0.0,0.0,0.0,0.0,108.0,1610612743,DEN,Denver,Nuggets,3-0,32.0,26.0,26.0,35.0,0.0,0.0,0.0,0.0,0.0,0.0,0.0,0.0,0.0,0.0,119.0
2023-05-22 00:00:00,1.0,42200314,1610612743,DEN,Denver,Nuggets,4-0,28.0,30.0,36.0,19.0,0.0,0.0,0.0,0.0,0.0,0.0,0.0,0.0,0.0,0.0,113.0,1610612747,LAL,Los Angeles,Lakers,0-4,34.0,39.0,16.0,22.0,0.0,0.0,0.0,0.0,0.0,0.0,0.0,0.0,0.0,0.0,111.0
