game_id,season_id,team_id_home,team_abbreviation_home,team_name_home,game_date,matchup_home,wl_home,min,fgm_home,fga_home,fg_pct_home,fg3m_home,fg3a_home,fg3_pct_home,ftm_home,fta_home,ft_pct_home,oreb_home,dreb_home,reb_home,ast_home,stl_home,blk_home,tov_home,pf_home,pts_home,plus_minus_home,video_available_home,team_id_away,team_abbreviation_away,team_name_away,matchup_away,wl_away,fgm_away,fga_away,fg_pct_away,fg3m_away,fg3a_away,fg3_pct_away,ftm_away,fta_away,ft_pct_away,oreb_away,dreb_away,reb_away,ast_away,stl_away,blk_away,tov_away,pf_away,pts_away,plus_minus_away,video_available_away,season_type
41900402,42019,1610612747,LAL,Los Angeles Lakers,2020-10-02,LAL vs. MIA,W,240,49.0,97.0,0.505,16.0,47.0,0.34,10.0,17.0,0.588,16.0,28.0,44.0,32.0,6.0,3.0,9.0,26.0,124.0,10,1,1610612748,MIA,Miami Heat,MIA @ LAL,L,36.0,71.0,0.507,11.0,27.0,0.407,31.0,34.0,0.912,6.0,31.0,37.0,29.0,2.0,1.0,10.0,23.0,114.0,-10,1,Playoffs
41900403,42019,1610612748,MIA,Miami Heat,2020-10-04,MIA vs. LAL,W,240,41.0,80.0,0.513,12.0,34.0,0.353,21.0,23.0,0.913,3.0,34.0,37.0,25.0,8.0,3.0,13.0,23.0,115.0,11,1,1610612747,LAL,Los Angeles Lakers,LAL @ MIA,L,34.0,79.0,0.43,14.0,42.0,0.333,22.0,29.0,0.759,11.0,32.0,43.0,23.0,8.0,2.0,20.0,22.0,104.0,-11,1,Playoffs
41900404,42019,1610612748,MIA,Miami Heat,2020-10-06,MIA vs. LAL,L,240,32.0,75.0,0.427,11.0,32.0,0.344,21.0,26.0,0.808,7.0,32.0,39.0,18.0,8.0,3.0,15.0,21.0,96.0,-6,1,1610612747,LAL,Los Angeles Lakers,LAL @ MIA,W,35.0,79.0,0.443,14.0,39.0,0.359,18.0,21.0,0.857,10.0,32.0,42.0,25.0,5.0,4.0,15.0,14.0,102.0,6,1,Playoffs
41900405,42019,1610612747,LAL,Los Angeles Lakers,2020-10-09,LAL vs. MIA,L,240,38.0,82.0,0.463,14.0,38.0,0.368,18.0,21.0,0.857,12.0,29.0,41.0,21.0,10.0,5.0,15.0,21.0,108.0,-3,1,1610612748,MIA,Miami Heat,MIA @ LAL,W,38.0,83.0,0.458,14.0,33.0,0.424,21.0,22.0,0.955,9.0,26.0,35.0,26.0,7.0,3.0,13.0,19.0,111.0,3,1,Playoffs
41900406,42019,1610612748,MIA,Miami Heat,2020-10-11,MIA vs. LAL,L,240,35.0,79.0,0.443,10.0,28.0,0.357,13.0,22.0,0.591,9.0,32.0,41.0,25.0,4.0,4.0,15.0,18.0,93.0,-13,1,1610612747,LAL,Los Angeles Lakers,LAL @ MIA,W,43.0,89.0,0.483,11.0,35.0,0.314,9.0,14.0,0.643,12.0,34.0,46.0,23.0,5.0,4.0,14.0,22.0,106.0,13,1,Playoffs
22000002,22020,1610612747,LAL,Los Angeles Lakers,2020-12-22,LAL vs. LAC,L,240,38.0,81.0,0.469,9.0,29.0,0.31,24.0,31.0,0.774,8.0,37.0,45.0,22.0,4.0,2.0,19.0,20.0,109.0,-7,1,1610612746,LAC,LA Clippers,LAC @ LAL,W,44.0,93.0,0.473,14.0,40.0,0.35,14.0,19.0,0.737,11.0,29.0,40.0,22.0,10.0,3.0,16.0,29.0,116.0,7,1,Regular Season
22000008,22020,1610612747,LAL,Los Angeles Lakers,2020-12-25,LAL vs. DAL,W,240,51.0,91.0,0.56,19.0,39.0,0.487,17.0,24.0,0.708,17.0,36.0,53.0,33.0,9.0,4.0,17.0,23.0,138.0,23,1,1610612742,DAL,Dallas Mavericks,DAL @ LAL,L,41.0,83.0,0.494,13.0,32.0,0.406,20.0,26.0,0.769,3.0,24.0,27.0,20.0,13.0,3.0,9.0,22.0,115.0,-23,1,Regular Season
22000040,22020,1610612747,LAL,Los Angeles Lakers,2020-12-27,LAL vs. MIN,W,240,50.0,90.0,0.556,13.0,35.0,0.371,14.0,18.0,0.778,5.0,41.0,46.0,32.0,6.0,14.0,17.0,19.0,127.0,36,1,1610612750,MIN,Minnesota Timberwolves,MIN @ LAL,L,38.0,103.0,0.369,6.0,35.0,0.171,9.0,14.0,0.643,17.0,31.0,48.0,24.0,11.0,6.0,18.0,24.0,91.0,-36,1,Regular Season
22000045,22020,1610612747,LAL,Los Angeles Lakers,2020-12-28,LAL vs. POR,L,240,41.0,87.0,0.471,10.0,27.0,0.37,15.0,18.0,0.833,6.0,35.0,41.0,20.0,6.0,5.0,15.0,14.0,107.0,-8,1,1610612757,POR,Portland Trail Blazers,POR @ LAL,W,43.0,92.0,0.467,16.0,46.0,0.348,13.0,15.0,0.867,7.0,38.0,45.0,27.0,9.0,6.0,10.0,16.0,115.0,8,1,Regular Season
22000060,22020,1610612759,SAS,San Antonio Spurs,2020-12-30,SAS vs. LAL,L,240,40.0,87.0,0.46,10.0,24.0,0.417,17.0,23.0,0.739,7.0,32.0,39.0,25.0,8.0,4.0,11.0,18.0,107.0,-14,1,1610612747,LAL,Los Angeles Lakers,LAL @ SAS,W,46.0,82.0,0.561,14.0,26.0,0.538,15.0,20.0,0.75,7.0,40.0,47.0,25.0,4.0,3.0,17.0,24.0,121.0,14,1,Regular Season
22000075,22020,1610612759,SAS,San Antonio Spurs,2021-01-01,SAS vs. LAL,L,240,36.0,85.0,0.424,13.0,34.0,0.382,18.0,26.0,0.692,8.0,37.0,45.0,23.0,3.0,8.0,13.0,20.0,103.0,-6,1,1610612747,LAL,Los Angeles Lakers,LAL @ SAS,W,41.0,101.0,0.406,14.0,33.0,0.424,13.0,16.0,0.813,16.0,42.0,58.0,27.0,8.0,7.0,13.0,20.0,109.0,6,1,Regular Season
22000087,22020,1610612763,MEM,Memphis Grizzlies,2021-01-03,MEM vs. LAL,L,240,39.0,95.0,0.411,9.0,33.0,0.273,7.0,8.0,0.875,14.0,36.0,50.0,23.0,6.0,3.0,13.0,18.0,94.0,-14,1,1610612747,LAL,Los Angeles Lakers,LAL @ MEM,W,41.0,89.0,0.461,12.0,35.0,0.343,14.0,19.0,0.737,12.0,37.0,49.0,24.0,9.0,5.0,10.0,15.0,108.0,14,1,Regular Season
22000103,22020,1610612763,MEM,Memphis Grizzlies,2021-01-05,MEM vs. LAL,L,240,36.0,87.0,0.414,10.0,26.0,0.385,10.0,13.0,0.769,5.0,33.0,38.0,24.0,14.0,4.0,13.0,14.0,92.0,-2,1,1610612747,LAL,Los Angeles Lakers,LAL @ MEM,W,38.0,87.0,0.437,9.0,31.0,0.29,9.0,11.0,0.818,9.0,43.0,52.0,24.0,7.0,8.0,17.0,14.0,94.0,2,1,Regular Season
22000121,22020,1610612747,LAL,Los Angeles Lakers,2021-01-07,LAL vs. SAS,L,240,43.0,86.0,0.5,10.0,30.0,0.333,13.0,21.0,0.619,9.0,39.0,48.0,21.0,2.0,4.0,13.0,20.0,109.0,-9,1,1610612759,SAS,San Antonio Spurs,SAS @ LAL,W,43.0,92.0,0.467,16.0,35.0,0.457,16.0,17.0,0.941,6.0,34.0,40.0,28.0,4.0,3.0,8.0,15.0,118.0,9,1,Regular Season
22000131,22020,1610612747,LAL,Los Angeles Lakers,2021-01-08,LAL vs. CHI,W,240,41.0,81.0,0.506,12.0,29.0,0.414,23.0,27.0,0.852,10.0,32.0,42.0,21.0,3.0,8.0,15.0,15.0,117.0,2,1,1610612741,CHI,Chicago Bulls,CHI @ LAL,L,46.0,91.0,0.505,10.0,26.0,0.385,13.0,14.0,0.929,9.0,32.0,41.0,26.0,10.0,3.0,13.0,23.0,115.0,-2,1,Regular Season
22000146,22020,1610612745,HOU,Houston Rockets,2021-01-10,HOU vs. LAL,L,240,37.0,90.0,0.411,12.0,41.0,0.293,16.0,23.0,0.696,13.0,30.0,43.0,22.0,7.0,8.0,21.0,22.0,102.0,-18,1,1610612747,LAL,Los Angeles Lakers,LAL @ HOU,W,46.0,91.0,0.505,10.0,29.0,0.345,18.0,24.0,0.75,10.0,39.0,49.0,28.0,13.0,8.0,17.0,23.0,120.0,18,1,Regular Season
22000161,22020,1610612745,HOU,Houston Rockets,2021-01-12,HOU vs. LAL,L,240,38.0,97.0,0.392,12.0,40.0,0.3,12.0,16.0,0.75,10.0,32.0,42.0,23.0,14.0,5.0,15.0,19.0,100.0,-17,1,1610612747,LAL,Los Angeles Lakers,LAL @ HOU,W,42.0,84.0,0.5,14.0,32.0,0.438,19.0,27.0,0.704,11.0,44.0,55.0,26.0,10.0,12.0,21.0,18.0,117.0,17,1,Regular Season
22000170,22020,1610612760,OKC,Oklahoma City Thunder,2021-01-13,OKC vs. LAL,L,240,37.0,86.0,0.43,10.0,31.0,0.323,15.0,19.0,0.789,9.0,33.0,42.0,23.0,4.0,6.0,12.0,21.0,99.0,-29,1,1610612747,LAL,Los Angeles Lakers,LAL @ OKC,W,47.0,95.0,0.495,17.0,37.0,0.459,17.0,22.0,0.773,12.0,38.0,50.0,26.0,6.0,6.0,10.0,16.0,128.0,29,1,Regular Season
22000187,22020,1610612747,LAL,Los Angeles Lakers,2021-01-15,LAL vs. NOP,W,240,39.0,93.0,0.419,15.0,37.0,0.405,19.0,26.0,0.731,13.0,31.0,44.0,31.0,11.0,6.0,8.0,16.0,112.0,17,1,1610612740,NOP,New Orleans Pelicans,NOP @ LAL,L,41.0,86.0,0.477,9.0,29.0,0.31,4.0,8.0,0.5,10.0,37.0,47.0,22.0,3.0,5.0,20.0,21.0,95.0,-17,1,Regular Season
22000212,22020,1610612747,LAL,Los Angeles Lakers,2021-01-18,LAL vs. GSW,L,240,40.0,83.0,0.482,9.0,29.0,0.31,24.0,33.0,0.727,12.0,38.0,50.0,23.0,6.0,5.0,19.0,22.0,113.0,-2,1,1610612744,GSW,Golden State Warriors,GSW @ LAL,W,44.0,87.0,0.506,12.0,37.0,0.324,15.0,20.0,0.75,5.0,27.0,32.0,31.0,8.0,3.0,13.0,27.0,115.0,2,1,Regular Season
22000226,22020,1610612749,MIL,Milwaukee Bucks,2021-01-21,MIL vs. LAL,L,240,44.0,87.0,0.506,9.0,28.0,0.321,9.0,12.0,0.75,5.0,41.0,46.0,27.0,5.0,5.0,15.0,18.0,106.0,-7,1,1610612747,LAL,Los Angeles Lakers,LAL @ MIL,W,41.0,88.0,0.466,19.0,37.0,0.514,12.0,15.0,0.8,6.0,32.0,38.0,25.0,8.0,8.0,10.0,14.0,113.0,7,1,Regular Season
22000245,22020,1610612741,CHI,Chicago Bulls,2021-01-23,CHI vs. LAL,L,240,33.0,84.0,0.393,8.0,25.0,0.32,16.0,22.0,0.727,10.0,35.0,45.0,18.0,8.0,1.0,19.0,28.0,90.0,-11,1,1610612747,LAL,Los Angeles Lakers,LAL @ CHI,W,36.0,79.0,0.456,4.0,19.0,0.211,25.0,31.0,0.806,5.0,37.0,42.0,20.0,7.0,4.0,19.0,18.0,101.0,11,1,Regular Season
22000261,22020,1610612739,CLE,Cleveland Cavaliers,2021-01-25,CLE vs. LAL,L,240,40.0,86.0,0.465,9.0,21.0,0.429,19.0,22.0,0.864,15.0,29.0,44.0,19.0,8.0,3.0,17.0,25.0,108.0,-7,1,1610612747,LAL,Los Angeles Lakers,LAL @ CLE,W,42.0,87.0,0.483,10.0,32.0,0.313,21.0,28.0,0.75,15.0,25.0,40.0,21.0,7.0,7.0,14.0,23.0,115.0,7,1,Regular Season
22000276,22020,1610612755,PHI,Philadelphia 76ers,2021-01-27,PHI vs. LAL,W,240,41.0,85.0,0.482,9.0,25.0,0.36,16.0,26.0,0.615,7.0,31.0,38.0,24.0,10.0,7.0,14.0,24.0,107.0,1,1,1610612747,LAL,Los Angeles Lakers,LAL @ PHI,L,41.0,86.0,0.477,8.0,24.0,0.333,16.0,25.0,0.64,6.0,31.0,37.0,20.0,5.0,2.0,12.0,20.0,106.0,-1,1,Regular Season
22000284,22020,1610612765,DET,Detroit Pistons,2021-01-28,DET vs. LAL,W,240,40.0,87.0,0.46,14.0,36.0,0.389,13.0,13.0,1.0,5.0,33.0,38.0,27.0,4.0,2.0,9.0,18.0,107.0,15,1,1610612747,LAL,Los Angeles Lakers,LAL @ DET,L,36.0,88.0,0.409,12.0,28.0,0.429,8.0,12.0,0.667,12.0,32.0,44.0,25.0,2.0,3.0,11.0,16.0,92.0,-15,1,Regular Season
22000302,22020,1610612738,BOS,Boston Celtics,2021-01-30,BOS vs. LAL,L,240,40.0,82.0,0.488,6.0,21.0,0.286,9.0,14.0,0.643,9.0,33.0,42.0,24.0,10.0,6.0,15.0,16.0,95.0,-1,1,1610612747,LAL,Los Angeles Lakers,LAL @ BOS,W,37.0,84.0,0.44,9.0,31.0,0.29,13.0,19.0,0.684,13.0,32.0,45.0,20.0,8.0,4.0,14.0,15.0,96.0,1,1,Regular Season
22000313,22020,1610612737,ATL,Atlanta Hawks,2021-02-01,ATL vs. LAL,L,240,37.0,78.0,0.474,11.0,29.0,0.379,14.0,17.0,0.824,6.0,30.0,36.0,27.0,8.0,3.0,19.0,21.0,99.0,-8,1,1610612747,LAL,Los Angeles Lakers,LAL @ ATL,W,40.0,77.0,0.519,7.0,23.0,0.304,20.0,24.0,0.833,4.0,27.0,31.0,24.0,10.0,7.0,13.0,20.0,107.0,8,1,Regular Season
22000341,22020,1610612747,LAL,Los Angeles Lakers,2021-02-04,LAL vs. DEN,W,240,46.0,81.0,0.568,8.0,24.0,0.333,14.0,22.0,0.636,8.0,32.0,40.0,29.0,10.0,7.0,16.0,19.0,114.0,21,1,1610612743,DEN,Denver Nuggets,DEN @ LAL,L,36.0,92.0,0.391,8.0,28.0,0.286,13.0,15.0,0.867,16.0,26.0,42.0,19.0,9.0,2.0,17.0,23.0,93.0,-21,1,Regular Season
22000361,22020,1610612747,LAL,Los Angeles Lakers,2021-02-06,LAL vs. DET,W,290,51.0,91.0,0.56,9.0,19.0,0.474,24.0,28.0,0.857,9.0,32.0,41.0,32.0,12.0,5.0,24.0,24.0,135.0,6,1,1610612765,DET,Detroit Pistons,DET @ LAL,L,45.0,94.0,0.479,16.0,42.0,0.381,23.0,28.0,0.821,9.0,26.0,35.0,31.0,13.0,4.0,23.0,31.0,129.0,-6,1,Regular Season
22000374,22020,1610612747,LAL,Los Angeles Lakers,2021-02-08,LAL vs. OKC,W,265,44.0,95.0,0.463,9.0,38.0,0.237,22.0,29.0,0.759,10.0,49.0,59.0,28.0,7.0,12.0,15.0,19.0,119.0,7,1,1610612760,OKC,Oklahoma City Thunder,OKC @ LAL,L,43.0,110.0,0.391,12.0,38.0,0.316,14.0,19.0,0.737,15.0,40.0,55.0,23.0,6.0,4.0,13.0,23.0,112.0,-7,1,Regular Season
22000390,22020,1610612747,LAL,Los Angeles Lakers,2021-02-10,LAL vs. OKC,W,265,42.0,89.0,0.472,10.0,35.0,0.286,20.0,24.0,0.833,6.0,37.0,43.0,22.0,6.0,6.0,17.0,15.0,114.0,1,1,1610612760,OKC,Oklahoma City Thunder,OKC @ LAL,L,47.0,100.0,0.47,7.0,31.0,0.226,12.0,14.0,0.857,7.0,39.0,46.0,32.0,11.0,4.0,13.0,23.0,113.0,-1,1,Regular Season
22000403,22020,1610612747,LAL,Los Angeles Lakers,2021-02-12,LAL vs. MEM,W,240,43.0,85.0,0.506,6.0,30.0,0.2,23.0,33.0,0.697,13.0,34.0,47.0,26.0,9.0,4.0,18.0,16.0,115.0,10,1,1610612763,MEM,Memphis Grizzlies,MEM @ LAL,L,39.0,80.0,0.488,12.0,29.0,0.414,15.0,19.0,0.789,6.0,27.0,33.0,31.0,9.0,2.0,17.0,25.0,105.0,-10,1,Regular Season
22000416,22020,1610612743,DEN,Denver Nuggets,2021-02-14,DEN vs. LAL,W,240,39.0,85.0,0.459,19.0,47.0,0.404,25.0,34.0,0.735,9.0,38.0,47.0,28.0,6.0,4.0,10.0,24.0,122.0,17,1,1610612747,LAL,Los Angeles Lakers,LAL @ DEN,L,40.0,87.0,0.46,6.0,28.0,0.214,19.0,29.0,0.655,8.0,38.0,46.0,27.0,4.0,4.0,10.0,26.0,105.0,-17,1,Regular Season
22000431,22020,1610612750,MIN,Minnesota Timberwolves,2021-02-16,MIN vs. LAL,L,240,39.0,93.0,0.419,16.0,34.0,0.471,10.0,13.0,0.769,11.0,27.0,38.0,26.0,11.0,4.0,15.0,27.0,104.0,-8,1,1610612747,LAL,Los Angeles Lakers,LAL @ MIN,W,42.0,77.0,0.545,11.0,26.0,0.423,17.0,21.0,0.81,6.0,32.0,38.0,20.0,8.0,8.0,18.0,14.0,112.0,8,1,Regular Season
22000446,22020,1610612747,LAL,Los Angeles Lakers,2021-02-18,LAL vs. BKN,L,240,40.0,83.0,0.482,8.0,30.0,0.267,10.0,14.0,0.714,10.0,29.0,39.0,21.0,7.0,4.0,16.0,16.0,98.0,-11,1,1610612751,BKN,Brooklyn Nets,BKN @ LAL,W,38.0,77.0,0.494,18.0,39.0,0.462,15.0,24.0,0.625,8.0,31.0,39.0,23.0,9.0,3.0,14.0,18.0,109.0,11,1,Regular Season
22000463,22020,1610612747,LAL,Los Angeles Lakers,2021-02-20,LAL vs. MIA,L,240,33.0,84.0,0.393,13.0,45.0,0.289,15.0,17.0,0.882,6.0,37.0,43.0,25.0,5.0,6.0,15.0,17.0,94.0,-2,1,1610612748,MIA,Miami Heat,MIA @ LAL,W,36.0,85.0,0.424,8.0,28.0,0.286,16.0,23.0,0.696,10.0,39.0,49.0,24.0,8.0,3.0,14.0,20.0,96.0,2,1,Regular Season
22000479,22020,1610612747,LAL,Los Angeles Lakers,2021-02-22,LAL vs. WAS,L,265,49.0,104.0,0.471,15.0,44.0,0.341,11.0,17.0,0.647,12.0,33.0,45.0,29.0,9.0,11.0,20.0,29.0,124.0,-3,1,1610612764,WAS,Washington Wizards,WAS @ LAL,W,47.0,96.0,0.49,9.0,25.0,0.36,24.0,33.0,0.727,5.0,44.0,49.0,25.0,9.0,4.0,16.0,25.0,127.0,3,1,Regular Season
22000497,22020,1610612762,UTA,Utah Jazz,2021-02-24,UTA vs. LAL,W,240,41.0,87.0,0.471,22.0,48.0,0.458,10.0,15.0,0.667,14.0,39.0,53.0,28.0,7.0,1.0,12.0,16.0,114.0,25,1,1610612747,LAL,Los Angeles Lakers,LAL @ UTA,L,34.0,85.0,0.4,8.0,33.0,0.242,13.0,20.0,0.65,12.0,33.0,45.0,17.0,5.0,4.0,14.0,15.0,89.0,-25,1,Regular Season
22000512,22020,1610612747,LAL,Los Angeles Lakers,2021-02-26,LAL vs. POR,W,240,37.0,88.0,0.42,7.0,27.0,0.259,21.0,28.0,0.75,15.0,37.0,52.0,25.0,9.0,7.0,10.0,23.0,102.0,9,1,1610612757,POR,Portland Trail Blazers,POR @ LAL,L,32.0,83.0,0.386,11.0,37.0,0.297,18.0,20.0,0.9,10.0,35.0,45.0,19.0,5.0,5.0,16.0,21.0,93.0,-9,1,Regular Season
22000527,22020,1610612747,LAL,Los Angeles Lakers,2021-02-28,LAL vs. GSW,W,240,40.0,85.0,0.471,11.0,31.0,0.355,26.0,38.0,0.684,14.0,46.0,60.0,22.0,14.0,6.0,20.0,21.0,117.0,26,1,1610612744,GSW,Golden State Warriors,GSW @ LAL,L,35.0,86.0,0.407,8.0,34.0,0.235,13.0,19.0,0.684,3.0,32.0,35.0,26.0,10.0,4.0,20.0,25.0,91.0,-26,1,Regular Season
22000542,22020,1610612747,LAL,Los Angeles Lakers,2021-03-02,LAL vs. PHX,L,240,40.0,79.0,0.506,11.0,31.0,0.355,13.0,17.0,0.765,5.0,29.0,34.0,18.0,6.0,8.0,12.0,23.0,104.0,-10,1,1610612756,PHX,Phoenix Suns,PHX @ LAL,W,38.0,77.0,0.494,16.0,29.0,0.552,22.0,25.0,0.88,5.0,30.0,35.0,30.0,5.0,7.0,14.0,16.0,114.0,10,1,Regular Season
22000551,22020,1610612758,SAC,Sacramento Kings,2021-03-03,SAC vs. LAL,W,240,48.0,80.0,0.6,12.0,25.0,0.48,15.0,19.0,0.789,6.0,24.0,30.0,32.0,5.0,1.0,14.0,19.0,123.0,3,1,1610612747,LAL,Los Angeles Lakers,LAL @ SAC,L,49.0,93.0,0.527,12.0,27.0,0.444,10.0,14.0,0.714,15.0,26.0,41.0,27.0,7.0,3.0,12.0,19.0,120.0,-3,1,Regular Season
22000585,22020,1610612747,LAL,Los Angeles Lakers,2021-03-12,LAL vs. IND,W,240,34.0,76.0,0.447,7.0,22.0,0.318,30.0,39.0,0.769,6.0,38.0,44.0,20.0,10.0,5.0,15.0,20.0,105.0,5,1,1610612754,IND,Indiana Pacers,IND @ LAL,L,37.0,88.0,0.42,8.0,36.0,0.222,18.0,21.0,0.857,10.0,34.0,44.0,22.0,7.0,4.0,16.0,27.0,100.0,-5,1,Regular Season
22000608,22020,1610612744,GSW,Golden State Warriors,2021-03-15,GSW vs. LAL,L,240,34.0,79.0,0.43,13.0,37.0,0.351,16.0,24.0,0.667,9.0,21.0,30.0,24.0,9.0,2.0,22.0,23.0,97.0,-31,1,1610612747,LAL,Los Angeles Lakers,LAL @ GSW,W,49.0,78.0,0.628,11.0,27.0,0.407,19.0,25.0,0.76,7.0,39.0,46.0,36.0,9.0,3.0,19.0,25.0,128.0,31,1,Regular Season
22000615,22020,1610612747,LAL,Los Angeles Lakers,2021-03-16,LAL vs. MIN,W,240,50.0,87.0,0.575,13.0,26.0,0.5,24.0,28.0,0.857,10.0,33.0,43.0,37.0,3.0,3.0,14.0,16.0,137.0,16,1,1610612750,MIN,Minnesota Timberwolves,MIN @ LAL,L,47.0,90.0,0.522,11.0,35.0,0.314,16.0,22.0,0.727,8.0,26.0,34.0,28.0,9.0,6.0,12.0,21.0,121.0,-16,1,Regular Season
22000630,22020,1610612747,LAL,Los Angeles Lakers,2021-03-18,LAL vs. CHA,W,240,44.0,92.0,0.478,13.0,39.0,0.333,15.0,20.0,0.75,11.0,37.0,48.0,23.0,7.0,6.0,11.0,19.0,116.0,11,1,1610612766,CHA,Charlotte Hornets,CHA @ LAL,L,41.0,83.0,0.494,11.0,29.0,0.379,12.0,20.0,0.6,8.0,36.0,44.0,26.0,7.0,8.0,19.0,19.0,105.0,-11,1,Regular Season
22000640,22020,1610612747,LAL,Los Angeles Lakers,2021-03-20,LAL vs. ATL,L,240,34.0,81.0,0.42,8.0,26.0,0.308,18.0,24.0,0.75,13.0,39.0,52.0,18.0,6.0,3.0,16.0,16.0,94.0,-5,1,1610612737,ATL,Atlanta Hawks,ATL @ LAL,W,39.0,98.0,0.398,13.0,37.0,0.351,8.0,9.0,0.889,16.0,33.0,49.0,26.0,13.0,7.0,8.0,21.0,99.0,5,1,Regular Season
22000651,22020,1610612756,PHX,Phoenix Suns,2021-03-21,PHX vs. LAL,W,240,42.0,87.0,0.483,9.0,32.0,0.281,18.0,23.0,0.783,9.0,42.0,51.0,30.0,7.0,6.0,11.0,24.0,111.0,17,1,1610612747,LAL,Los Angeles Lakers,LAL @ PHX,L,35.0,85.0,0.412,5.0,25.0,0.2,19.0,28.0,0.679,7.0,34.0,41.0,20.0,3.0,2.0,11.0,18.0,94.0,-17,1,Regular Season
22000663,22020,1610612740,NOP,New Orleans Pelicans,2021-03-23,NOP vs. LAL,W,240,47.0,90.0,0.522,10.0,29.0,0.345,24.0,26.0,0.923,11.0,42.0,53.0,28.0,9.0,3.0,14.0,24.0,128.0,17,1,1610612747,LAL,Los Angeles Lakers,LAL @ NOP,L,36.0,85.0,0.424,18.0,37.0,0.486,21.0,30.0,0.7,6.0,28.0,34.0,25.0,10.0,4.0,13.0,17.0,111.0,-17,1,Regular Season
22000681,22020,1610612747,LAL,Los Angeles Lakers,2021-03-25,LAL vs. PHI,L,240,34.0,78.0,0.436,9.0,26.0,0.346,24.0,33.0,0.727,7.0,35.0,42.0,22.0,10.0,0.0,22.0,19.0,101.0,-8,1,1610612755,PHI,Philadelphia 76ers,PHI @ LAL,W,39.0,80.0,0.488,17.0,45.0,0.378,14.0,21.0,0.667,7.0,32.0,39.0,24.0,13.0,9.0,21.0,26.0,109.0,8,1,Regular Season
22000693,22020,1610612747,LAL,Los Angeles Lakers,2021-03-26,LAL vs. CLE,W,240,38.0,78.0,0.487,6.0,26.0,0.231,18.0,25.0,0.72,9.0,36.0,45.0,23.0,15.0,3.0,23.0,23.0,100.0,14,1,1610612739,CLE,Cleveland Cavaliers,CLE @ LAL,L,31.0,80.0,0.388,5.0,26.0,0.192,19.0,28.0,0.679,10.0,27.0,37.0,24.0,11.0,4.0,21.0,19.0,86.0,-14,1,Regular Season
22000706,22020,1610612747,LAL,Los Angeles Lakers,2021-03-28,LAL vs. ORL,W,240,34.0,82.0,0.415,11.0,40.0,0.275,17.0,23.0,0.739,8.0,44.0,52.0,25.0,9.0,5.0,12.0,17.0,96.0,3,1,1610612753,ORL,Orlando Magic,ORL @ LAL,L,34.0,88.0,0.386,11.0,33.0,0.333,14.0,17.0,0.824,10.0,41.0,51.0,19.0,5.0,4.0,11.0,18.0,93.0,-3,1,Regular Season
22000729,22020,1610612747,LAL,Los Angeles Lakers,2021-03-31,LAL vs. MIL,L,240,35.0,87.0,0.402,10.0,36.0,0.278,17.0,22.0,0.773,11.0,29.0,40.0,22.0,9.0,5.0,22.0,22.0,97.0,-15,1,1610612749,MIL,Milwaukee Bucks,MIL @ LAL,W,42.0,79.0,0.532,14.0,26.0,0.538,14.0,18.0,0.778,7.0,35.0,42.0,23.0,13.0,8.0,22.0,17.0,112.0,15,1,Regular Season
22000746,22020,1610612758,SAC,Sacramento Kings,2021-04-02,SAC vs. LAL,L,240,36.0,85.0,0.424,10.0,35.0,0.286,12.0,16.0,0.75,6.0,32.0,38.0,24.0,8.0,5.0,15.0,16.0,94.0,-21,1,1610612747,LAL,Los Angeles Lakers,LAL @ SAC,W,43.0,91.0,0.473,17.0,33.0,0.515,12.0,20.0,0.6,13.0,42.0,55.0,26.0,10.0,2.0,17.0,19.0,115.0,21,1,Regular Season
22000756,22020,1610612746,LAC,LA Clippers,2021-04-04,LAC vs. LAL,W,240,41.0,86.0,0.477,14.0,28.0,0.5,8.0,9.0,0.889,13.0,37.0,50.0,23.0,10.0,4.0,20.0,25.0,104.0,18,1,1610612747,LAL,Los Angeles Lakers,LAL @ LAC,L,32.0,80.0,0.4,7.0,23.0,0.304,15.0,20.0,0.75,7.0,29.0,36.0,16.0,9.0,7.0,19.0,11.0,86.0,-18,1,Regular Season
22000772,22020,1610612761,TOR,Toronto Raptors,2021-04-06,TOR vs. LAL,L,240,36.0,91.0,0.396,5.0,33.0,0.152,24.0,30.0,0.8,15.0,27.0,42.0,17.0,13.0,3.0,12.0,19.0,101.0,-9,1,1610612747,LAL,Los Angeles Lakers,LAL @ TOR,W,39.0,79.0,0.494,18.0,40.0,0.45,14.0,22.0,0.636,11.0,38.0,49.0,29.0,8.0,7.0,22.0,24.0,110.0,9,1,Regular Season
22000784,22020,1610612748,MIA,Miami Heat,2021-04-08,MIA vs. LAL,W,240,34.0,71.0,0.479,10.0,25.0,0.4,32.0,40.0,0.8,9.0,29.0,38.0,22.0,12.0,8.0,21.0,25.0,110.0,6,1,1610612747,LAL,Los Angeles Lakers,LAL @ MIA,L,35.0,79.0,0.443,12.0,35.0,0.343,22.0,25.0,0.88,10.0,30.0,40.0,26.0,9.0,3.0,22.0,24.0,104.0,-6,1,Regular Season
22000800,22020,1610612751,BKN,Brooklyn Nets,2021-04-10,BKN vs. LAL,L,240,35.0,80.0,0.438,5.0,27.0,0.185,26.0,30.0,0.867,9.0,33.0,42.0,19.0,6.0,10.0,19.0,20.0,101.0,-25,1,1610612747,LAL,Los Angeles Lakers,LAL @ BKN,W,47.0,93.0,0.505,19.0,34.0,0.559,13.0,20.0,0.65,12.0,35.0,47.0,30.0,12.0,4.0,15.0,24.0,126.0,25,1,Regular Season
22000815,22020,1610612752,NYK,New York Knicks,2021-04-12,NYK vs. LAL,W,240,42.0,89.0,0.472,5.0,27.0,0.185,22.0,27.0,0.815,15.0,32.0,47.0,18.0,14.0,9.0,15.0,20.0,111.0,15,1,1610612747,LAL,Los Angeles Lakers,LAL @ NYK,L,35.0,80.0,0.438,12.0,36.0,0.333,14.0,18.0,0.778,4.0,29.0,33.0,22.0,5.0,7.0,25.0,21.0,96.0,-15,1,Regular Season
22000825,22020,1610612766,CHA,Charlotte Hornets,2021-04-13,CHA vs. LAL,L,240,36.0,83.0,0.434,9.0,35.0,0.257,12.0,18.0,0.667,12.0,33.0,45.0,22.0,5.0,3.0,18.0,18.0,93.0,-8,1,1610612747,LAL,Los Angeles Lakers,LAL @ CHA,W,34.0,82.0,0.415,16.0,44.0,0.364,17.0,18.0,0.944,8.0,30.0,38.0,24.0,9.0,2.0,11.0,18.0,101.0,8,1,Regular Season
22000842,22020,1610612747,LAL,Los Angeles Lakers,2021-04-15,LAL vs. BOS,L,240,44.0,98.0,0.449,12.0,37.0,0.324,13.0,19.0,0.684,11.0,25.0,36.0,28.0,12.0,2.0,8.0,16.0,113.0,-8,1,1610612738,BOS,Boston Celtics,BOS @ LAL,W,48.0,85.0,0.565,14.0,32.0,0.438,11.0,13.0,0.846,7.0,41.0,48.0,33.0,4.0,6.0,21.0,20.0,121.0,8,1,Regular Season
22000855,22020,1610612747,LAL,Los Angeles Lakers,2021-04-17,LAL vs. UTA,W,265,48.0,93.0,0.516,11.0,33.0,0.333,20.0,23.0,0.87,11.0,41.0,52.0,26.0,8.0,8.0,15.0,14.0,127.0,12,1,1610612762,UTA,Utah Jazz,UTA @ LAL,L,42.0,101.0,0.416,23.0,59.0,0.39,8.0,8.0,1.0,6.0,31.0,37.0,31.0,10.0,3.0,16.0,21.0,115.0,-12,1,Regular Season
22000875,22020,1610612747,LAL,Los Angeles Lakers,2021-04-19,LAL vs. UTA,L,240,34.0,79.0,0.43,12.0,28.0,0.429,17.0,25.0,0.68,5.0,27.0,32.0,17.0,10.0,1.0,10.0,14.0,97.0,-14,1,1610612762,UTA,Utah Jazz,UTA @ LAL,W,43.0,75.0,0.573,15.0,33.0,0.455,10.0,11.0,0.909,2.0,40.0,42.0,29.0,5.0,5.0,17.0,20.0,111.0,14,1,Regular Season
22000897,22020,1610612742,DAL,Dallas Mavericks,2021-04-22,DAL vs. LAL,W,240,40.0,82.0,0.488,9.0,24.0,0.375,26.0,36.0,0.722,9.0,29.0,38.0,23.0,11.0,5.0,12.0,15.0,115.0,5,1,1610612747,LAL,Los Angeles Lakers,LAL @ DAL,L,43.0,90.0,0.478,10.0,30.0,0.333,14.0,17.0,0.824,12.0,33.0,45.0,26.0,7.0,5.0,16.0,28.0,110.0,-5,1,Regular Season
22000908,22020,1610612742,DAL,Dallas Mavericks,2021-04-24,DAL vs. LAL,W,240,38.0,78.0,0.487,13.0,30.0,0.433,19.0,25.0,0.76,10.0,41.0,51.0,26.0,3.0,2.0,18.0,17.0,108.0,15,1,1610612747,LAL,Los Angeles Lakers,LAL @ DAL,L,33.0,86.0,0.384,12.0,45.0,0.267,15.0,19.0,0.789,6.0,30.0,36.0,22.0,11.0,4.0,9.0,22.0,93.0,-15,1,Regular Season
22000917,22020,1610612753,ORL,Orlando Magic,2021-04-26,ORL vs. LAL,L,240,36.0,76.0,0.474,11.0,25.0,0.44,20.0,24.0,0.833,4.0,24.0,28.0,16.0,5.0,3.0,11.0,18.0,103.0,-11,1,1610612747,LAL,Los Angeles Lakers,LAL @ ORL,W,47.0,87.0,0.54,11.0,31.0,0.355,9.0,14.0,0.643,9.0,35.0,44.0,23.0,8.0,5.0,12.0,18.0,114.0,11,1,Regular Season
22000935,22020,1610612764,WAS,Washington Wizards,2021-04-28,WAS vs. LAL,W,240,47.0,90.0,0.522,6.0,18.0,0.333,16.0,21.0,0.762,10.0,40.0,50.0,24.0,6.0,4.0,14.0,20.0,116.0,9,1,1610612747,LAL,Los Angeles Lakers,LAL @ WAS,L,42.0,96.0,0.438,10.0,34.0,0.294,13.0,21.0,0.619,13.0,28.0,41.0,31.0,10.0,8.0,10.0,20.0,107.0,-9,1,Regular Season
22000956,22020,1610612747,LAL,Los Angeles Lakers,2021-04-30,LAL vs. SAC,L,240,42.0,83.0,0.506,7.0,28.0,0.25,15.0,21.0,0.714,11.0,32.0,43.0,24.0,9.0,12.0,21.0,17.0,106.0,-4,1,1610612758,SAC,Sacramento Kings,SAC @ LAL,W,39.0,86.0,0.453,12.0,33.0,0.364,20.0,22.0,0.909,11.0,26.0,37.0,29.0,10.0,3.0,17.0,16.0,110.0,4,1,Regular Season
22000974,22020,1610612747,LAL,Los Angeles Lakers,2021-05-02,LAL vs. TOR,L,240,41.0,85.0,0.482,11.0,29.0,0.379,21.0,31.0,0.677,7.0,37.0,44.0,32.0,7.0,6.0,14.0,22.0,114.0,-7,1,1610612761,TOR,Toronto Raptors,TOR @ LAL,W,42.0,94.0,0.447,15.0,38.0,0.395,22.0,31.0,0.71,13.0,36.0,49.0,24.0,11.0,4.0,13.0,23.0,121.0,7,1,Regular Season
22000982,22020,1610612747,LAL,Los Angeles Lakers,2021-05-03,LAL vs. DEN,W,240,32.0,73.0,0.438,13.0,30.0,0.433,16.0,23.0,0.696,7.0,36.0,43.0,18.0,5.0,8.0,20.0,20.0,93.0,4,1,1610612743,DEN,Denver Nuggets,DEN @ LAL,L,36.0,82.0,0.439,6.0,24.0,0.25,11.0,16.0,0.688,6.0,35.0,41.0,22.0,10.0,7.0,13.0,24.0,89.0,-4,1,Regular Season
22001002,22020,1610612746,LAC,LA Clippers,2021-05-06,LAC vs. LAL,W,240,41.0,77.0,0.532,13.0,31.0,0.419,23.0,26.0,0.885,9.0,39.0,48.0,23.0,4.0,5.0,22.0,25.0,118.0,24,1,1610612747,LAL,Los Angeles Lakers,LAL @ LAC,L,33.0,87.0,0.379,10.0,36.0,0.278,18.0,29.0,0.621,11.0,23.0,34.0,21.0,8.0,6.0,11.0,23.0,94.0,-24,1,Regular Season
22001010,22020,1610612757,POR,Portland Trail Blazers,2021-05-07,POR vs. LAL,W,240,37.0,88.0,0.42,12.0,37.0,0.324,20.0,21.0,0.952,6.0,38.0,44.0,22.0,6.0,2.0,9.0,20.0,106.0,5,1,1610612747,LAL,Los Angeles Lakers,LAL @ POR,L,37.0,89.0,0.416,11.0,30.0,0.367,16.0,22.0,0.727,10.0,39.0,49.0,19.0,2.0,4.0,14.0,20.0,101.0,-5,1,Regular Season
22001024,22020,1610612747,LAL,Los Angeles Lakers,2021-05-09,LAL vs. PHX,W,240,39.0,80.0,0.488,13.0,30.0,0.433,32.0,41.0,0.78,14.0,27.0,41.0,24.0,11.0,3.0,14.0,21.0,123.0,13,1,1610612756,PHX,Phoenix Suns,PHX @ LAL,L,39.0,73.0,0.534,11.0,25.0,0.44,21.0,25.0,0.84,3.0,29.0,32.0,23.0,8.0,6.0,15.0,29.0,110.0,-13,1,Regular Season
22001041,22020,1610612747,LAL,Los Angeles Lakers,2021-05-11,LAL vs. NYK,W,265,37.0,89.0,0.416,12.0,28.0,0.429,15.0,19.0,0.789,14.0,39.0,53.0,31.0,5.0,5.0,20.0,17.0,101.0,2,1,1610612752,NYK,New York Knicks,NYK @ LAL,L,34.0,87.0,0.391,10.0,29.0,0.345,21.0,23.0,0.913,5.0,36.0,41.0,19.0,8.0,3.0,10.0,21.0,99.0,-2,1,Regular Season
22001046,22020,1610612747,LAL,Los Angeles Lakers,2021-05-12,LAL vs. HOU,W,240,52.0,91.0,0.571,7.0,20.0,0.35,13.0,22.0,0.591,8.0,33.0,41.0,28.0,8.0,3.0,11.0,20.0,124.0,2,1,1610612745,HOU,Houston Rockets,HOU @ LAL,L,43.0,85.0,0.506,18.0,42.0,0.429,18.0,27.0,0.667,8.0,33.0,41.0,33.0,7.0,4.0,15.0,23.0,122.0,-2,1,Regular Season
22001061,22020,1610612754,IND,Indiana Pacers,2021-05-15,IND vs. LAL,L,240,46.0,89.0,0.517,9.0,33.0,0.273,14.0,19.0,0.737,8.0,29.0,37.0,28.0,10.0,8.0,13.0,23.0,115.0,-7,1,1610612747,LAL,Los Angeles Lakers,LAL @ IND,W,41.0,86.0,0.477,11.0,29.0,0.379,29.0,36.0,0.806,11.0,34.0,45.0,25.0,5.0,3.0,13.0,15.0,122.0,7,1,Regular Season
22001072,22020,1610612740,NOP,New Orleans Pelicans,2021-05-16,NOP vs. LAL,L,240,37.0,78.0,0.474,9.0,25.0,0.36,15.0,21.0,0.714,8.0,39.0,47.0,26.0,4.0,5.0,21.0,18.0,98.0,-12,1,1610612747,LAL,Los Angeles Lakers,LAL @ NOP,W,45.0,96.0,0.469,11.0,35.0,0.314,9.0,15.0,0.6,8.0,34.0,42.0,30.0,14.0,5.0,10.0,16.0,110.0,12,1,Regular Season
12000004,12020,1610612747,LAL,Los Angeles Lakers,2020-12-11,LAL vs. LAC,W,240,30.0,84.0,0.357,7.0,22.0,0.318,20.0,25.0,0.8,7.0,39.0,46.0,15.0,12.0,1.0,18.0,14.0,87.0,6,1,1610612746,LAC,LA Clippers,LAC @ LAL,L,30.0,84.0,0.357,10.0,36.0,0.278,11.0,17.0,0.647,11.0,44.0,55.0,15.0,7.0,10.0,27.0,26.0,81.0,-6,1,Pre Season
12000018,12020,1610612747,LAL,Los Angeles Lakers,2020-12-13,LAL vs. LAC,W,240,46.0,81.0,0.568,18.0,25.0,0.72,21.0,31.0,0.677,9.0,36.0,45.0,28.0,10.0,3.0,13.0,25.0,131.0,25,1,1610612746,LAC,LA Clippers,LAC @ LAL,L,39.0,84.0,0.464,11.0,35.0,0.314,17.0,24.0,0.708,7.0,27.0,34.0,27.0,4.0,4.0,11.0,24.0,106.0,-25,1,Pre Season
12000031,12020,1610612756,PHX,Phoenix Suns,2020-12-16,PHX vs. LAL,L,240,35.0,86.0,0.407,13.0,42.0,0.31,24.0,30.0,0.8,11.0,34.0,45.0,26.0,9.0,2.0,17.0,30.0,107.0,-5,1,1610612747,LAL,Los Angeles Lakers,LAL @ PHX,W,39.0,82.0,0.476,10.0,25.0,0.4,24.0,32.0,0.75,8.0,39.0,47.0,20.0,6.0,3.0,15.0,24.0,112.0,5,1,Pre Season
12000046,12020,1610612756,PHX,Phoenix Suns,2020-12-18,PHX vs. LAL,L,240,42.0,88.0,0.477,18.0,44.0,0.409,11.0,13.0,0.846,9.0,37.0,46.0,26.0,12.0,3.0,24.0,29.0,113.0,-1,1,1610612747,LAL,Los Angeles Lakers,LAL @ PHX,W,41.0,81.0,0.506,16.0,30.0,0.533,16.0,27.0,0.593,3.0,30.0,33.0,25.0,8.0,4.0,17.0,17.0,114.0,1,1,Pre Season
42000151,42020,1610612756,PHX,Phoenix Suns,2021-05-23,PHX vs. LAL,W,240,40.0,86.0,0.465,9.0,28.0,0.321,10.0,12.0,0.833,16.0,31.0,47.0,24.0,7.0,4.0,16.0,20.0,99.0,9,1,1610612747,LAL,Los Angeles Lakers,LAL @ PHX,L,33.0,76.0,0.434,7.0,26.0,0.269,17.0,28.0,0.607,10.0,23.0,33.0,19.0,10.0,5.0,14.0,18.0,90.0,-9,1,Playoffs
42000152,42020,1610612756,PHX,Phoenix Suns,2021-05-25,PHX vs. LAL,L,240,33.0,71.0,0.465,8.0,26.0,0.308,28.0,30.0,0.933,4.0,27.0,31.0,21.0,4.0,3.0,13.0,23.0,102.0,-7,1,1610612747,LAL,Los Angeles Lakers,LAL @ PHX,W,36.0,80.0,0.45,10.0,33.0,0.303,27.0,31.0,0.871,8.0,31.0,39.0,24.0,9.0,6.0,9.0,23.0,109.0,7,1,Playoffs
42000153,42020,1610612747,LAL,Los Angeles Lakers,2021-05-27,LAL vs. PHX,W,240,38.0,86.0,0.442,7.0,28.0,0.25,26.0,30.0,0.867,15.0,36.0,51.0,19.0,10.0,4.0,20.0,19.0,109.0,14,1,1610612756,PHX,Phoenix Suns,PHX @ LAL,L,35.0,82.0,0.427,11.0,29.0,0.379,14.0,18.0,0.778,8.0,27.0,35.0,24.0,8.0,6.0,18.0,24.0,95.0,-14,1,Playoffs
42000154,42020,1610612747,LAL,Los Angeles Lakers,2021-05-30,LAL vs. PHX,L,240,32.0,81.0,0.395,13.0,40.0,0.325,15.0,21.0,0.714,9.0,41.0,50.0,19.0,3.0,5.0,16.0,18.0,92.0,-8,1,1610612756,PHX,Phoenix Suns,PHX @ LAL,W,37.0,85.0,0.435,10.0,35.0,0.286,16.0,21.0,0.762,9.0,40.0,49.0,24.0,12.0,4.0,10.0,20.0,100.0,8,1,Playoffs
42000155,42020,1610612756,PHX,Phoenix Suns,2021-06-01,PHX vs. LAL,W,240,43.0,94.0,0.457,14.0,42.0,0.333,15.0,21.0,0.714,3.0,44.0,47.0,29.0,7.0,4.0,4.0,22.0,115.0,30,1,1610612747,LAL,Los Angeles Lakers,LAL @ PHX,L,29.0,84.0,0.345,12.0,35.0,0.343,15.0,21.0,0.714,10.0,41.0,51.0,14.0,3.0,1.0,17.0,25.0,85.0,-30,1,Playoffs
42000156,42020,1610612747,LAL,Los Angeles Lakers,2021-06-03,LAL vs. PHX,L,240,38.0,91.0,0.418,10.0,35.0,0.286,14.0,16.0,0.875,11.0,24.0,35.0,21.0,5.0,3.0,7.0,20.0,100.0,-13,1,1610612756,PHX,Phoenix Suns,PHX @ LAL,W,37.0,73.0,0.507,18.0,35.0,0.514,21.0,22.0,0.955,8.0,34.0,42.0,24.0,5.0,9.0,14.0,17.0,113.0,13,1,Playoffs
22100002,22021,1610612747,LAL,Los Angeles Lakers,2021-10-19,LAL vs. GSW,L,240,45.0,95.0,0.474,15.0,42.0,0.357,9.0,19.0,0.474,5.0,40.0,45.0,21.0,7.0,4.0,18.0,25.0,114.0,-7,1,1610612744,GSW,Golden State Warriors,GSW @ LAL,W,41.0,93.0,0.441,14.0,39.0,0.359,25.0,30.0,0.833,9.0,41.0,50.0,30.0,9.0,2.0,17.0,18.0,121.0,7,1,Regular Season
22100025,22021,1610612747,LAL,Los Angeles Lakers,2021-10-22,LAL vs. PHX,L,240,34.0,86.0,0.395,15.0,34.0,0.441,22.0,29.0,0.759,12.0,34.0,46.0,25.0,7.0,3.0,16.0,26.0,105.0,-10,1,1610612756,PHX,Phoenix Suns,PHX @ LAL,W,42.0,86.0,0.488,10.0,32.0,0.313,21.0,28.0,0.75,7.0,40.0,47.0,31.0,8.0,2.0,12.0,22.0,115.0,10,1,Regular Season
22100040,22021,1610612747,LAL,Los Angeles Lakers,2021-10-24,LAL vs. MEM,W,240,45.0,84.0,0.536,16.0,30.0,0.533,15.0,22.0,0.682,9.0,27.0,36.0,29.0,10.0,12.0,17.0,14.0,121.0,3,1,1610612763,MEM,Memphis Grizzlies,MEM @ LAL,L,45.0,100.0,0.45,13.0,35.0,0.371,15.0,18.0,0.833,18.0,31.0,49.0,25.0,13.0,4.0,17.0,20.0,118.0,-3,1,Regular Season
22100053,22021,1610612759,SAS,San Antonio Spurs,2021-10-26,SAS vs. LAL,L,265,48.0,108.0,0.444,13.0,36.0,0.361,12.0,22.0,0.545,16.0,43.0,59.0,33.0,10.0,6.0,16.0,22.0,121.0,-4,1,1610612747,LAL,Los Angeles Lakers,LAL @ SAS,W,50.0,105.0,0.476,8.0,30.0,0.267,17.0,22.0,0.773,9.0,47.0,56.0,20.0,8.0,10.0,13.0,21.0,125.0,4,1,Regular Season
22100061,22021,1610612760,OKC,Oklahoma City Thunder,2021-10-27,OKC vs. LAL,W,240,43.0,86.0,0.5,15.0,37.0,0.405,22.0,29.0,0.759,10.0,32.0,42.0,21.0,8.0,3.0,16.0,16.0,123.0,8,1,1610612747,LAL,Los Angeles Lakers,LAL @ OKC,L,46.0,92.0,0.5,11.0,35.0,0.314,12.0,14.0,0.857,10.0,30.0,40.0,29.0,8.0,2.0,17.0,22.0,115.0,-8,1,Regular Season
22100077,22021,1610612747,LAL,Los Angeles Lakers,2021-10-29,LAL vs. CLE,W,240,46.0,84.0,0.548,12.0,27.0,0.444,9.0,10.0,0.9,11.0,31.0,42.0,24.0,9.0,6.0,22.0,20.0,113.0,12,1,1610612739,CLE,Cleveland Cavaliers,CLE @ LAL,L,37.0,87.0,0.425,12.0,34.0,0.353,15.0,22.0,0.682,16.0,20.0,36.0,28.0,10.0,1.0,15.0,13.0,101.0,-12,1,Regular Season
22100093,22021,1610612747,LAL,Los Angeles Lakers,2021-10-31,LAL vs. HOU,W,240,39.0,96.0,0.406,9.0,31.0,0.29,8.0,13.0,0.615,10.0,33.0,43.0,22.0,15.0,9.0,14.0,20.0,95.0,10,1,1610612745,HOU,Houston Rockets,HOU @ LAL,L,32.0,76.0,0.421,6.0,28.0,0.214,15.0,29.0,0.517,10.0,45.0,55.0,18.0,8.0,3.0,27.0,18.0,85.0,-10,1,Regular Season
22100107,22021,1610612747,LAL,Los Angeles Lakers,2021-11-02,LAL vs. HOU,W,240,49.0,93.0,0.527,6.0,25.0,0.24,15.0,20.0,0.75,11.0,32.0,43.0,26.0,10.0,4.0,17.0,19.0,119.0,2,1,1610612745,HOU,Houston Rockets,HOU @ LAL,L,48.0,91.0,0.527,16.0,42.0,0.381,5.0,12.0,0.417,11.0,27.0,38.0,27.0,8.0,4.0,25.0,21.0,117.0,-2,1,Regular Season
22100123,22021,1610612747,LAL,Los Angeles Lakers,2021-11-04,LAL vs. OKC,L,240,39.0,94.0,0.415,12.0,33.0,0.364,14.0,17.0,0.824,16.0,33.0,49.0,22.0,8.0,5.0,14.0,21.0,104.0,-3,1,1610612760,OKC,Oklahoma City Thunder,OKC @ LAL,W,37.0,87.0,0.425,15.0,41.0,0.366,18.0,26.0,0.692,12.0,38.0,50.0,23.0,7.0,2.0,16.0,16.0,107.0,3,1,Regular Season
22100138,22021,1610612757,POR,Portland Trail Blazers,2021-11-06,POR vs. LAL,W,240,36.0,95.0,0.379,15.0,55.0,0.273,18.0,24.0,0.75,12.0,40.0,52.0,22.0,14.0,7.0,12.0,21.0,105.0,15,1,1610612747,LAL,Los Angeles Lakers,LAL @ POR,L,31.0,90.0,0.344,9.0,32.0,0.281,19.0,24.0,0.792,11.0,48.0,59.0,20.0,8.0,5.0,19.0,17.0,90.0,-15,1,Regular Season
22100154,22021,1610612747,LAL,Los Angeles Lakers,2021-11-08,LAL vs. CHA,W,265,44.0,91.0,0.484,13.0,32.0,0.406,25.0,35.0,0.714,8.0,43.0,51.0,30.0,11.0,8.0,15.0,23.0,126.0,3,1,1610612766,CHA,Charlotte Hornets,CHA @ LAL,L,43.0,99.0,0.434,14.0,42.0,0.333,23.0,28.0,0.821,14.0,41.0,55.0,23.0,5.0,3.0,18.0,23.0,123.0,-3,1,Regular Season
22100170,22021,1610612747,LAL,Los Angeles Lakers,2021-11-10,LAL vs. MIA,W,265,46.0,92.0,0.5,18.0,38.0,0.474,10.0,16.0,0.625,9.0,41.0,50.0,26.0,5.0,6.0,23.0,27.0,120.0,3,1,1610612748,MIA,Miami Heat,MIA @ LAL,L,40.0,96.0,0.417,10.0,37.0,0.27,27.0,35.0,0.771,11.0,36.0,47.0,26.0,14.0,2.0,14.0,25.0,117.0,-3,1,Regular Season
22100184,22021,1610612747,LAL,Los Angeles Lakers,2021-11-12,LAL vs. MIN,L,240,29.0,82.0,0.354,9.0,41.0,0.22,16.0,20.0,0.8,11.0,33.0,44.0,17.0,12.0,8.0,20.0,14.0,83.0,-24,1,1610612750,MIN,Minnesota Timberwolves,MIN @ LAL,W,43.0,94.0,0.457,12.0,37.0,0.324,9.0,12.0,0.75,14.0,40.0,54.0,24.0,10.0,4.0,16.0,21.0,107.0,24,1,Regular Season
22100192,22021,1610612747,LAL,Los Angeles Lakers,2021-11-14,LAL vs. SAS,W,240,43.0,83.0,0.518,15.0,31.0,0.484,13.0,17.0,0.765,9.0,37.0,46.0,28.0,6.0,5.0,16.0,16.0,114.0,8,1,1610612759,SAS,San Antonio Spurs,SAS @ LAL,L,40.0,90.0,0.444,16.0,36.0,0.444,10.0,15.0,0.667,11.0,32.0,43.0,28.0,9.0,2.0,15.0,17.0,106.0,-8,1,Regular Season
22100209,22021,1610612747,LAL,Los Angeles Lakers,2021-11-15,LAL vs. CHI,L,240,36.0,79.0,0.456,6.0,32.0,0.188,25.0,31.0,0.806,8.0,35.0,43.0,19.0,10.0,5.0,19.0,15.0,103.0,-18,1,1610612741,CHI,Chicago Bulls,CHI @ LAL,W,49.0,89.0,0.551,15.0,34.0,0.441,8.0,11.0,0.727,4.0,32.0,36.0,31.0,9.0,2.0,17.0,21.0,121.0,18,1,Regular Season
22100219,22021,1610612749,MIL,Milwaukee Bucks,2021-11-17,MIL vs. LAL,W,240,40.0,87.0,0.46,12.0,37.0,0.324,17.0,24.0,0.708,9.0,43.0,52.0,22.0,9.0,4.0,15.0,10.0,109.0,7,1,1610612747,LAL,Los Angeles Lakers,LAL @ MIL,L,40.0,96.0,0.417,12.0,43.0,0.279,10.0,12.0,0.833,11.0,37.0,48.0,24.0,8.0,4.0,13.0,19.0,102.0,-7,1,Regular Season
22100232,22021,1610612738,BOS,Boston Celtics,2021-11-19,BOS vs. LAL,W,240,44.0,88.0,0.5,11.0,30.0,0.367,31.0,38.0,0.816,12.0,39.0,51.0,22.0,7.0,2.0,14.0,20.0,130.0,22,1,1610612747,LAL,Los Angeles Lakers,LAL @ BOS,L,39.0,84.0,0.464,12.0,30.0,0.4,18.0,24.0,0.75,7.0,26.0,33.0,20.0,5.0,6.0,12.0,29.0,108.0,-22,1,Regular Season
22100249,22021,1610612765,DET,Detroit Pistons,2021-11-21,DET vs. LAL,L,240,43.0,97.0,0.443,14.0,40.0,0.35,16.0,21.0,0.762,8.0,31.0,39.0,27.0,7.0,6.0,11.0,24.0,116.0,-5,1,1610612747,LAL,Los Angeles Lakers,LAL @ DET,W,45.0,92.0,0.489,10.0,31.0,0.323,21.0,27.0,0.778,12.0,39.0,51.0,29.0,7.0,8.0,13.0,21.0,121.0,5,1,Regular Season
22100264,22021,1610612752,NYK,New York Knicks,2021-11-23,NYK vs. LAL,W,240,37.0,82.0,0.451,15.0,34.0,0.441,17.0,21.0,0.81,7.0,45.0,52.0,23.0,7.0,4.0,17.0,23.0,106.0,6,1,1610612747,LAL,Los Angeles Lakers,LAL @ NYK,L,34.0,91.0,0.374,11.0,36.0,0.306,21.0,30.0,0.7,13.0,37.0,50.0,23.0,8.0,3.0,12.0,17.0,100.0,-6,1,Regular Season
22100268,22021,1610612754,IND,Indiana Pacers,2021-11-24,IND vs. LAL,L,265,42.0,104.0,0.404,13.0,46.0,0.283,19.0,24.0,0.792,14.0,38.0,52.0,25.0,3.0,5.0,11.0,25.0,116.0,-8,1,1610612747,LAL,Los Angeles Lakers,LAL @ IND,W,42.0,95.0,0.442,15.0,37.0,0.405,25.0,29.0,0.862,9.0,43.0,52.0,20.0,5.0,4.0,12.0,21.0,124.0,8,1,Regular Season
22100291,22021,1610612747,LAL,Los Angeles Lakers,2021-11-26,LAL vs. SAC,L,315,51.0,102.0,0.5,15.0,44.0,0.341,20.0,28.0,0.714,9.0,42.0,51.0,32.0,9.0,6.0,19.0,27.0,137.0,-4,1,1610612758,SAC,Sacramento Kings,SAC @ LAL,W,54.0,120.0,0.45,14.0,45.0,0.311,19.0,29.0,0.655,16.0,40.0,56.0,32.0,11.0,4.0,15.0,26.0,141.0,4,1,Regular Season
22100304,22021,1610612747,LAL,Los Angeles Lakers,2021-11-28,LAL vs. DET,W,240,43.0,86.0,0.5,9.0,32.0,0.281,15.0,25.0,0.6,6.0,36.0,42.0,32.0,11.0,8.0,12.0,18.0,110.0,4,1,1610612765,DET,Detroit Pistons,DET @ LAL,L,38.0,89.0,0.427,13.0,33.0,0.394,17.0,19.0,0.895,12.0,41.0,53.0,29.0,5.0,4.0,17.0,20.0,106.0,-4,1,Regular Season
22100318,22021,1610612758,SAC,Sacramento Kings,2021-11-30,SAC vs. LAL,L,240,35.0,79.0,0.443,6.0,29.0,0.207,16.0,22.0,0.727,9.0,31.0,40.0,22.0,11.0,4.0,20.0,21.0,92.0,-25,1,1610612747,LAL,Los Angeles Lakers,LAL @ SAC,W,46.0,92.0,0.5,11.0,28.0,0.393,14.0,20.0,0.7,10.0,37.0,47.0,21.0,10.0,6.0,15.0,20.0,117.0,25,1,Regular Season
22100341,22021,1610612747,LAL,Los Angeles Lakers,2021-12-03,LAL vs. LAC,L,240,45.0,90.0,0.5,12.0,33.0,0.364,13.0,21.0,0.619,13.0,30.0,43.0,28.0,8.0,3.0,12.0,19.0,115.0,-4,1,1610612746,LAC,LA Clippers,LAC @ LAL,W,41.0,81.0,0.506,16.0,35.0,0.457,21.0,24.0,0.875,6.0,28.0,34.0,28.0,5.0,3.0,10.0,19.0,119.0,4,1,Regular Season
22100365,22021,1610612747,LAL,Los Angeles Lakers,2021-12-07,LAL vs. BOS,W,240,48.0,93.0,0.516,8.0,27.0,0.296,13.0,17.0,0.765,13.0,38.0,51.0,25.0,7.0,4.0,16.0,21.0,117.0,15,1,1610612738,BOS,Boston Celtics,BOS @ LAL,L,36.0,82.0,0.439,10.0,33.0,0.303,20.0,29.0,0.69,7.0,27.0,34.0,27.0,8.0,4.0,13.0,16.0,102.0,-15,1,Regular Season
22100380,22021,1610612763,MEM,Memphis Grizzlies,2021-12-09,MEM vs. LAL,W,240,41.0,94.0,0.436,14.0,42.0,0.333,12.0,18.0,0.667,14.0,33.0,47.0,28.0,18.0,5.0,13.0,14.0,108.0,13,1,1610612747,LAL,Los Angeles Lakers,LAL @ MEM,L,36.0,78.0,0.462,12.0,30.0,0.4,11.0,17.0,0.647,7.0,38.0,45.0,26.0,8.0,6.0,22.0,15.0,95.0,-13,1,Regular Season
22100389,22021,1610612760,OKC,Oklahoma City Thunder,2021-12-10,OKC vs. LAL,L,240,38.0,96.0,0.396,10.0,44.0,0.227,9.0,14.0,0.643,19.0,32.0,51.0,21.0,9.0,3.0,15.0,17.0,95.0,-21,1,1610612747,LAL,Los Angeles Lakers,LAL @ OKC,W,41.0,87.0,0.471,19.0,42.0,0.452,15.0,20.0,0.75,12.0,35.0,47.0,23.0,12.0,3.0,16.0,14.0,116.0,21,1,Regular Season
22100403,22021,1610612747,LAL,Los Angeles Lakers,2021-12-12,LAL vs. ORL,W,240,41.0,84.0,0.488,13.0,28.0,0.464,11.0,17.0,0.647,6.0,38.0,44.0,24.0,12.0,11.0,14.0,17.0,106.0,12,1,1610612753,ORL,Orlando Magic,ORL @ LAL,L,33.0,88.0,0.375,13.0,38.0,0.342,15.0,19.0,0.789,14.0,33.0,47.0,17.0,6.0,4.0,19.0,13.0,94.0,-12,1,Regular Season
22100420,22021,1610612742,DAL,Dallas Mavericks,2021-12-15,DAL vs. LAL,L,265,39.0,98.0,0.398,12.0,44.0,0.273,14.0,17.0,0.824,8.0,43.0,51.0,22.0,4.0,3.0,11.0,21.0,104.0,-3,1,1610612747,LAL,Los Angeles Lakers,LAL @ DAL,W,39.0,90.0,0.433,15.0,39.0,0.385,14.0,18.0,0.778,4.0,42.0,46.0,24.0,8.0,2.0,14.0,20.0,107.0,3,1,Regular Season
22100436,22021,1610612750,MIN,Minnesota Timberwolves,2021-12-17,MIN vs. LAL,W,240,41.0,98.0,0.418,12.0,44.0,0.273,16.0,24.0,0.667,15.0,46.0,61.0,23.0,13.0,6.0,15.0,25.0,110.0,18,1,1610612747,LAL,Los Angeles Lakers,LAL @ MIN,L,30.0,78.0,0.385,12.0,43.0,0.279,20.0,29.0,0.69,1.0,35.0,36.0,26.0,6.0,7.0,18.0,22.0,92.0,-18,1,Regular Season
22100448,22021,1610612741,CHI,Chicago Bulls,2021-12-19,CHI vs. LAL,W,240,40.0,93.0,0.43,10.0,30.0,0.333,25.0,31.0,0.806,16.0,27.0,43.0,20.0,10.0,3.0,10.0,17.0,115.0,5,1,1610612747,LAL,Los Angeles Lakers,LAL @ CHI,L,42.0,82.0,0.512,12.0,34.0,0.353,14.0,22.0,0.636,9.0,37.0,46.0,25.0,6.0,8.0,20.0,25.0,110.0,-5,1,Regular Season
22100469,22021,1610612747,LAL,Los Angeles Lakers,2021-12-21,LAL vs. PHX,L,240,34.0,87.0,0.391,7.0,35.0,0.2,15.0,23.0,0.652,6.0,41.0,47.0,14.0,9.0,3.0,15.0,18.0,90.0,-18,1,1610612756,PHX,Phoenix Suns,PHX @ LAL,W,41.0,93.0,0.441,12.0,41.0,0.293,14.0,15.0,0.933,8.0,45.0,53.0,29.0,11.0,4.0,16.0,18.0,108.0,18,1,Regular Season
22100487,22021,1610612747,LAL,Los Angeles Lakers,2021-12-23,LAL vs. SAS,L,240,44.0,94.0,0.468,5.0,27.0,0.185,17.0,30.0,0.567,14.0,34.0,48.0,21.0,4.0,6.0,14.0,20.0,110.0,-28,1,1610612759,SAS,San Antonio Spurs,SAS @ LAL,W,46.0,95.0,0.484,18.0,39.0,0.462,28.0,33.0,0.848,12.0,38.0,50.0,33.0,7.0,5.0,6.0,21.0,138.0,28,1,Regular Season
22100491,22021,1610612747,LAL,Los Angeles Lakers,2021-12-25,LAL vs. BKN,L,240,40.0,96.0,0.417,10.0,35.0,0.286,25.0,28.0,0.893,12.0,35.0,47.0,29.0,8.0,5.0,14.0,23.0,115.0,-7,1,1610612751,BKN,Brooklyn Nets,BKN @ LAL,W,43.0,89.0,0.483,14.0,32.0,0.438,22.0,27.0,0.815,6.0,35.0,41.0,31.0,6.0,9.0,12.0,25.0,122.0,7,1,Regular Season
22100511,22021,1610612745,HOU,Houston Rockets,2021-12-28,HOU vs. LAL,L,240,44.0,83.0,0.53,16.0,35.0,0.457,19.0,25.0,0.76,4.0,26.0,30.0,24.0,10.0,7.0,14.0,20.0,123.0,-9,1,1610612747,LAL,Los Angeles Lakers,LAL @ HOU,W,48.0,92.0,0.522,14.0,34.0,0.412,22.0,29.0,0.759,14.0,34.0,48.0,27.0,8.0,6.0,12.0,23.0,132.0,9,1,Regular Season
22100520,22021,1610612763,MEM,Memphis Grizzlies,2021-12-29,MEM vs. LAL,W,240,35.0,85.0,0.412,10.0,30.0,0.333,24.0,29.0,0.828,13.0,30.0,43.0,18.0,13.0,5.0,13.0,11.0,104.0,5,1,1610612747,LAL,Los Angeles Lakers,LAL @ MEM,L,39.0,86.0,0.453,15.0,41.0,0.366,6.0,8.0,0.75,7.0,32.0,39.0,24.0,5.0,5.0,18.0,25.0,99.0,-5,1,Regular Season
22100538,22021,1610612747,LAL,Los Angeles Lakers,2021-12-31,LAL vs. POR,W,240,47.0,85.0,0.553,19.0,41.0,0.463,26.0,30.0,0.867,5.0,42.0,47.0,27.0,6.0,9.0,7.0,21.0,139.0,33,1,1610612757,POR,Portland Trail Blazers,POR @ LAL,L,36.0,102.0,0.353,12.0,42.0,0.286,22.0,27.0,0.815,21.0,33.0,54.0,19.0,4.0,2.0,9.0,22.0,106.0,-33,1,Regular Season
22100551,22021,1610612747,LAL,Los Angeles Lakers,2022-01-02,LAL vs. MIN,W,240,36.0,75.0,0.48,13.0,41.0,0.317,23.0,29.0,0.793,4.0,24.0,28.0,20.0,13.0,5.0,18.0,16.0,108.0,5,1,1610612750,MIN,Minnesota Timberwolves,MIN @ LAL,L,41.0,92.0,0.446,9.0,38.0,0.237,12.0,16.0,0.75,20.0,36.0,56.0,21.0,9.0,2.0,24.0,22.0,103.0,-5,1,Regular Season
22100566,22021,1610612747,LAL,Los Angeles Lakers,2022-01-04,LAL vs. SAC,W,240,49.0,99.0,0.495,11.0,32.0,0.344,13.0,20.0,0.65,14.0,30.0,44.0,24.0,6.0,5.0,5.0,16.0,122.0,8,1,1610612758,SAC,Sacramento Kings,SAC @ LAL,L,43.0,83.0,0.518,14.0,34.0,0.412,14.0,18.0,0.778,9.0,36.0,45.0,31.0,2.0,3.0,18.0,18.0,114.0,-8,1,Regular Season
22100589,22021,1610612747,LAL,Los Angeles Lakers,2022-01-07,LAL vs. ATL,W,240,50.0,101.0,0.495,17.0,41.0,0.415,17.0,19.0,0.895,8.0,39.0,47.0,37.0,14.0,4.0,8.0,26.0,134.0,16,1,1610612737,ATL,Atlanta Hawks,ATL @ LAL,L,43.0,96.0,0.448,13.0,36.0,0.361,19.0,27.0,0.704,13.0,41.0,54.0,29.0,3.0,0.0,15.0,18.0,118.0,-16,1,Regular Season
22100606,22021,1610612747,LAL,Los Angeles Lakers,2022-01-09,LAL vs. MEM,L,240,45.0,97.0,0.464,14.0,33.0,0.424,15.0,19.0,0.789,14.0,27.0,41.0,26.0,6.0,7.0,12.0,25.0,119.0,-8,1,1610612763,MEM,Memphis Grizzlies,MEM @ LAL,W,47.0,86.0,0.547,11.0,30.0,0.367,22.0,32.0,0.688,10.0,37.0,47.0,33.0,10.0,10.0,14.0,22.0,127.0,8,1,Regular Season
22100626,22021,1610612758,SAC,Sacramento Kings,2022-01-12,SAC vs. LAL,W,240,49.0,89.0,0.551,11.0,30.0,0.367,16.0,19.0,0.842,8.0,37.0,45.0,28.0,8.0,7.0,13.0,20.0,125.0,9,1,1610612747,LAL,Los Angeles Lakers,LAL @ SAC,L,42.0,98.0,0.429,16.0,47.0,0.34,16.0,24.0,0.667,15.0,30.0,45.0,25.0,6.0,3.0,9.0,19.0,116.0,-9,1,Regular Season
22100649,22021,1610612743,DEN,Denver Nuggets,2022-01-15,DEN vs. LAL,W,240,47.0,91.0,0.516,23.0,40.0,0.575,16.0,17.0,0.941,9.0,42.0,51.0,35.0,9.0,2.0,6.0,17.0,133.0,37,1,1610612747,LAL,Los Angeles Lakers,LAL @ DEN,L,36.0,82.0,0.439,10.0,30.0,0.333,14.0,19.0,0.737,8.0,33.0,41.0,21.0,4.0,3.0,11.0,15.0,96.0,-37,1,Regular Season
22100665,22021,1610612747,LAL,Los Angeles Lakers,2022-01-17,LAL vs. UTA,W,240,38.0,86.0,0.442,11.0,37.0,0.297,14.0,23.0,0.609,10.0,35.0,45.0,15.0,7.0,5.0,13.0,19.0,101.0,6,1,1610612762,UTA,Utah Jazz,UTA @ LAL,L,31.0,83.0,0.373,12.0,46.0,0.261,21.0,24.0,0.875,8.0,36.0,44.0,21.0,6.0,6.0,16.0,21.0,95.0,-6,1,Regular Season
22100680,22021,1610612747,LAL,Los Angeles Lakers,2022-01-19,LAL vs. IND,L,240,40.0,90.0,0.444,11.0,34.0,0.324,13.0,18.0,0.722,12.0,28.0,40.0,23.0,4.0,7.0,11.0,18.0,104.0,-7,1,1610612754,IND,Indiana Pacers,IND @ LAL,W,44.0,90.0,0.489,11.0,30.0,0.367,12.0,15.0,0.8,14.0,34.0,48.0,28.0,6.0,8.0,13.0,22.0,111.0,7,1,Regular Season
22100685,22021,1610612753,ORL,Orlando Magic,2022-01-21,ORL vs. LAL,L,240,36.0,81.0,0.444,11.0,40.0,0.275,22.0,29.0,0.759,3.0,32.0,35.0,23.0,6.0,9.0,18.0,21.0,105.0,-11,1,1610612747,LAL,Los Angeles Lakers,LAL @ ORL,W,42.0,85.0,0.494,13.0,30.0,0.433,19.0,23.0,0.826,8.0,37.0,45.0,23.0,12.0,4.0,19.0,24.0,116.0,11,1,Regular Season
22100700,22021,1610612748,MIA,Miami Heat,2022-01-23,MIA vs. LAL,W,240,40.0,81.0,0.494,15.0,33.0,0.455,18.0,20.0,0.9,6.0,33.0,39.0,31.0,9.0,3.0,16.0,31.0,113.0,6,1,1610612747,LAL,Los Angeles Lakers,LAL @ MIA,L,36.0,79.0,0.456,11.0,40.0,0.275,24.0,30.0,0.8,7.0,31.0,38.0,20.0,7.0,1.0,18.0,20.0,107.0,-6,1,Regular Season
22100718,22021,1610612751,BKN,Brooklyn Nets,2022-01-25,BKN vs. LAL,L,240,37.0,88.0,0.42,7.0,27.0,0.259,15.0,22.0,0.682,18.0,36.0,54.0,20.0,5.0,2.0,19.0,12.0,96.0,-10,1,1610612747,LAL,Los Angeles Lakers,LAL @ BKN,W,42.0,89.0,0.472,12.0,38.0,0.316,10.0,10.0,1.0,5.0,28.0,33.0,23.0,12.0,9.0,10.0,19.0,106.0,10,1,Regular Season
22100733,22021,1610612755,PHI,Philadelphia 76ers,2022-01-27,PHI vs. LAL,W,240,41.0,82.0,0.5,13.0,35.0,0.371,10.0,17.0,0.588,3.0,38.0,41.0,30.0,8.0,5.0,15.0,14.0,105.0,18,1,1610612747,LAL,Los Angeles Lakers,LAL @ PHI,L,36.0,88.0,0.409,6.0,29.0,0.207,9.0,9.0,1.0,9.0,33.0,42.0,19.0,7.0,9.0,19.0,16.0,87.0,-18,1,Regular Season
22100735,22021,1610612766,CHA,Charlotte Hornets,2022-01-28,CHA vs. LAL,W,240,43.0,83.0,0.518,11.0,36.0,0.306,20.0,28.0,0.714,11.0,39.0,50.0,25.0,4.0,5.0,12.0,24.0,117.0,3,1,1610612747,LAL,Los Angeles Lakers,LAL @ CHA,L,38.0,91.0,0.418,15.0,40.0,0.375,23.0,32.0,0.719,12.0,32.0,44.0,19.0,7.0,3.0,7.0,23.0,114.0,-3,1,Regular Season
22100751,22021,1610612737,ATL,Atlanta Hawks,2022-01-30,ATL vs. LAL,W,240,49.0,84.0,0.583,10.0,31.0,0.323,21.0,32.0,0.656,8.0,37.0,45.0,31.0,7.0,0.0,12.0,21.0,129.0,8,1,1610612747,LAL,Los Angeles Lakers,LAL @ ATL,L,47.0,87.0,0.54,15.0,35.0,0.429,12.0,23.0,0.522,6.0,32.0,38.0,29.0,5.0,2.0,13.0,24.0,121.0,-8,1,Regular Season
22100781,22021,1610612747,LAL,Los Angeles Lakers,2022-02-02,LAL vs. POR,W,240,33.0,78.0,0.423,11.0,30.0,0.367,22.0,33.0,0.667,12.0,41.0,53.0,25.0,8.0,7.0,17.0,18.0,99.0,5,1,1610612757,POR,Portland Trail Blazers,POR @ LAL,L,35.0,98.0,0.357,14.0,42.0,0.333,10.0,19.0,0.526,18.0,37.0,55.0,23.0,11.0,3.0,13.0,28.0,94.0,-5,1,Regular Season
22100786,22021,1610612746,LAC,LA Clippers,2022-02-03,LAC vs. LAL,W,240,46.0,89.0,0.517,13.0,30.0,0.433,6.0,11.0,0.545,7.0,36.0,43.0,29.0,5.0,6.0,10.0,22.0,111.0,1,1,1610612747,LAL,Los Angeles Lakers,LAL @ LAC,L,41.0,88.0,0.466,11.0,29.0,0.379,17.0,25.0,0.68,11.0,33.0,44.0,19.0,6.0,6.0,11.0,13.0,110.0,-1,1,Regular Season
22100799,22021,1610612747,LAL,Los Angeles Lakers,2022-02-05,LAL vs. NYK,W,265,48.0,102.0,0.471,9.0,34.0,0.265,17.0,28.0,0.607,14.0,43.0,57.0,29.0,8.0,7.0,13.0,23.0,122.0,7,1,1610612752,NYK,New York Knicks,NYK @ LAL,L,39.0,98.0,0.398,11.0,38.0,0.289,26.0,36.0,0.722,15.0,41.0,56.0,24.0,8.0,4.0,14.0,26.0,115.0,-7,1,Regular Season
22100822,22021,1610612747,LAL,Los Angeles Lakers,2022-02-08,LAL vs. MIL,L,240,44.0,85.0,0.518,10.0,32.0,0.313,18.0,30.0,0.6,12.0,29.0,41.0,28.0,7.0,6.0,16.0,20.0,116.0,-15,1,1610612749,MIL,Milwaukee Bucks,MIL @ LAL,W,52.0,96.0,0.542,15.0,36.0,0.417,12.0,20.0,0.6,11.0,31.0,42.0,31.0,10.0,4.0,12.0,24.0,131.0,15,1,Regular Season
22100829,22021,1610612757,POR,Portland Trail Blazers,2022-02-09,POR vs. LAL,W,240,42.0,89.0,0.472,10.0,32.0,0.313,13.0,16.0,0.813,11.0,30.0,41.0,26.0,15.0,3.0,11.0,15.0,107.0,2,1,1610612747,LAL,Los Angeles Lakers,LAL @ POR,L,41.0,74.0,0.554,17.0,37.0,0.459,6.0,13.0,0.462,3.0,35.0,38.0,29.0,7.0,7.0,21.0,15.0,105.0,-2,1,Regular Season
22100854,22021,1610612744,GSW,Golden State Warriors,2022-02-12,GSW vs. LAL,W,240,40.0,90.0,0.444,12.0,38.0,0.316,25.0,34.0,0.735,10.0,40.0,50.0,24.0,4.0,3.0,9.0,24.0,117.0,2,1,1610612747,LAL,Los Angeles Lakers,LAL @ GSW,L,41.0,88.0,0.466,11.0,27.0,0.407,22.0,33.0,0.667,12.0,36.0,48.0,25.0,5.0,6.0,9.0,24.0,115.0,-2,1,Regular Season
22100884,22021,1610612747,LAL,Los Angeles Lakers,2022-02-16,LAL vs. UTA,W,240,41.0,86.0,0.477,10.0,36.0,0.278,14.0,22.0,0.636,12.0,32.0,44.0,24.0,9.0,7.0,12.0,18.0,106.0,5,1,1610612762,UTA,Utah Jazz,UTA @ LAL,L,37.0,79.0,0.468,11.0,33.0,0.333,16.0,19.0,0.842,8.0,33.0,41.0,17.0,11.0,6.0,13.0,22.0,101.0,-5,1,Regular Season
22100904,22021,1610612747,LAL,Los Angeles Lakers,2022-02-25,LAL vs. LAC,L,240,39.0,93.0,0.419,8.0,31.0,0.258,16.0,21.0,0.762,13.0,34.0,47.0,18.0,8.0,7.0,12.0,17.0,102.0,-3,1,1610612746,LAC,LA Clippers,LAC @ LAL,W,41.0,83.0,0.494,10.0,26.0,0.385,13.0,19.0,0.684,7.0,40.0,47.0,25.0,8.0,8.0,17.0,19.0,105.0,3,1,Regular Season
22100919,22021,1610612747,LAL,Los Angeles Lakers,2022-02-27,LAL vs. NOP,L,240,35.0,84.0,0.417,7.0,34.0,0.206,18.0,20.0,0.9,7.0,31.0,38.0,15.0,8.0,7.0,23.0,18.0,95.0,-28,1,1610612740,NOP,New Orleans Pelicans,NOP @ LAL,W,47.0,92.0,0.511,13.0,30.0,0.433,16.0,25.0,0.64,12.0,39.0,51.0,29.0,16.0,3.0,15.0,19.0,123.0,28,1,Regular Season
22100931,22021,1610612747,LAL,Los Angeles Lakers,2022-03-01,LAL vs. DAL,L,240,37.0,82.0,0.451,14.0,34.0,0.412,16.0,20.0,0.8,4.0,33.0,37.0,22.0,8.0,6.0,12.0,20.0,104.0,-5,1,1610612742,DAL,Dallas Mavericks,DAL @ LAL,W,41.0,82.0,0.5,10.0,35.0,0.286,17.0,27.0,0.63,10.0,35.0,45.0,24.0,8.0,7.0,14.0,19.0,109.0,5,1,Regular Season
22100945,22021,1610612746,LAC,LA Clippers,2022-03-03,LAC vs. LAL,W,240,51.0,93.0,0.548,17.0,27.0,0.63,13.0,15.0,0.867,13.0,33.0,46.0,32.0,10.0,3.0,12.0,22.0,132.0,21,1,1610612747,LAL,Los Angeles Lakers,LAL @ LAC,L,41.0,84.0,0.488,12.0,35.0,0.343,17.0,22.0,0.773,9.0,27.0,36.0,26.0,8.0,4.0,14.0,17.0,111.0,-21,1,Regular Season
22100959,22021,1610612747,LAL,Los Angeles Lakers,2022-03-05,LAL vs. GSW,W,240,44.0,89.0,0.494,18.0,41.0,0.439,18.0,21.0,0.857,12.0,35.0,47.0,25.0,10.0,6.0,20.0,18.0,124.0,8,1,1610612744,GSW,Golden State Warriors,GSW @ LAL,L,46.0,92.0,0.5,15.0,34.0,0.441,9.0,19.0,0.474,10.0,31.0,41.0,22.0,11.0,4.0,16.0,20.0,116.0,-8,1,Regular Season
22100973,22021,1610612759,SAS,San Antonio Spurs,2022-03-07,SAS vs. LAL,W,240,46.0,84.0,0.548,9.0,26.0,0.346,16.0,30.0,0.533,12.0,35.0,47.0,28.0,6.0,7.0,18.0,18.0,117.0,7,1,1610612747,LAL,Los Angeles Lakers,LAL @ SAS,L,43.0,91.0,0.473,8.0,26.0,0.308,16.0,23.0,0.696,12.0,31.0,43.0,19.0,7.0,3.0,15.0,26.0,110.0,-7,1,Regular Season
22100985,22021,1610612745,HOU,Houston Rockets,2022-03-09,HOU vs. LAL,W,265,52.0,102.0,0.51,17.0,40.0,0.425,18.0,19.0,0.947,10.0,40.0,50.0,25.0,7.0,4.0,20.0,21.0,139.0,9,1,1610612747,LAL,Los Angeles Lakers,LAL @ HOU,L,47.0,101.0,0.465,18.0,47.0,0.383,18.0,26.0,0.692,12.0,36.0,48.0,25.0,10.0,7.0,16.0,21.0,130.0,-9,1,Regular Season
22101004,22021,1610612747,LAL,Los Angeles Lakers,2022-03-11,LAL vs. WAS,W,240,48.0,91.0,0.527,14.0,31.0,0.452,12.0,17.0,0.706,7.0,30.0,37.0,25.0,5.0,3.0,9.0,25.0,122.0,13,1,1610612764,WAS,Washington Wizards,WAS @ LAL,L,39.0,85.0,0.459,9.0,27.0,0.333,22.0,33.0,0.667,14.0,33.0,47.0,21.0,6.0,6.0,11.0,18.0,109.0,-13,1,Regular Season
22101019,22021,1610612756,PHX,Phoenix Suns,2022-03-13,PHX vs. LAL,W,240,58.0,102.0,0.569,12.0,33.0,0.364,12.0,14.0,0.857,14.0,37.0,51.0,36.0,12.0,5.0,11.0,24.0,140.0,29,1,1610612747,LAL,Los Angeles Lakers,LAL @ PHX,L,36.0,81.0,0.444,16.0,40.0,0.4,23.0,31.0,0.742,7.0,30.0,37.0,24.0,4.0,2.0,19.0,14.0,111.0,-29,1,Regular Season
22101028,22021,1610612747,LAL,Los Angeles Lakers,2022-03-14,LAL vs. TOR,L,240,34.0,87.0,0.391,13.0,42.0,0.31,22.0,29.0,0.759,9.0,34.0,43.0,20.0,7.0,7.0,13.0,27.0,103.0,-11,1,1610612761,TOR,Toronto Raptors,TOR @ LAL,W,39.0,96.0,0.406,10.0,37.0,0.27,26.0,36.0,0.722,19.0,45.0,64.0,24.0,8.0,9.0,13.0,20.0,114.0,11,1,Regular Season
22101039,22021,1610612750,MIN,Minnesota Timberwolves,2022-03-16,MIN vs. LAL,W,240,40.0,90.0,0.444,17.0,42.0,0.405,27.0,31.0,0.871,15.0,36.0,51.0,22.0,7.0,6.0,17.0,23.0,124.0,20,1,1610612747,LAL,Los Angeles Lakers,LAL @ MIN,L,39.0,93.0,0.419,10.0,44.0,0.227,16.0,23.0,0.696,13.0,25.0,38.0,23.0,7.0,4.0,14.0,25.0,104.0,-20,1,Regular Season
22101051,22021,1610612761,TOR,Toronto Raptors,2022-03-18,TOR vs. LAL,L,265,49.0,97.0,0.505,12.0,37.0,0.324,13.0,20.0,0.65,16.0,30.0,46.0,25.0,8.0,2.0,12.0,19.0,123.0,-5,1,1610612747,LAL,Los Angeles Lakers,LAL @ TOR,W,47.0,96.0,0.49,19.0,43.0,0.442,15.0,21.0,0.714,13.0,30.0,43.0,33.0,6.0,4.0,14.0,19.0,128.0,5,1,Regular Season
22101061,22021,1610612764,WAS,Washington Wizards,2022-03-19,WAS vs. LAL,W,240,44.0,85.0,0.518,13.0,31.0,0.419,26.0,31.0,0.839,7.0,29.0,36.0,30.0,10.0,1.0,8.0,13.0,127.0,8,1,1610612747,LAL,Los Angeles Lakers,LAL @ WAS,L,48.0,91.0,0.527,13.0,35.0,0.371,10.0,11.0,0.909,9.0,32.0,41.0,25.0,3.0,1.0,15.0,23.0,119.0,-8,1,Regular Season
22101072,22021,1610612739,CLE,Cleveland Cavaliers,2022-03-21,CLE vs. LAL,L,240,45.0,86.0,0.523,14.0,39.0,0.359,16.0,19.0,0.842,8.0,30.0,38.0,29.0,3.0,2.0,12.0,19.0,120.0,-11,1,1610612747,LAL,Los Angeles Lakers,LAL @ CLE,W,53.0,94.0,0.564,12.0,32.0,0.375,13.0,16.0,0.813,9.0,32.0,41.0,34.0,7.0,3.0,8.0,19.0,131.0,11,1,Regular Season
22101093,22021,1610612747,LAL,Los Angeles Lakers,2022-03-23,LAL vs. PHI,L,240,50.0,97.0,0.515,11.0,30.0,0.367,10.0,16.0,0.625,11.0,34.0,45.0,25.0,6.0,3.0,12.0,19.0,121.0,-5,1,1610612755,PHI,Philadelphia 76ers,PHI @ LAL,W,47.0,91.0,0.516,10.0,27.0,0.37,22.0,28.0,0.786,8.0,35.0,43.0,26.0,7.0,5.0,7.0,13.0,126.0,5,1,Regular Season
22101119,22021,1610612740,NOP,New Orleans Pelicans,2022-03-27,NOP vs. LAL,W,240,44.0,91.0,0.484,9.0,27.0,0.333,19.0,24.0,0.792,12.0,29.0,41.0,25.0,10.0,1.0,7.0,13.0,116.0,8,1,1610612747,LAL,Los Angeles Lakers,LAL @ NOP,L,42.0,80.0,0.525,14.0,35.0,0.4,10.0,16.0,0.625,7.0,32.0,39.0,26.0,5.0,2.0,15.0,20.0,108.0,-8,1,Regular Season
22101134,22021,1610612742,DAL,Dallas Mavericks,2022-03-29,DAL vs. LAL,W,240,45.0,87.0,0.517,20.0,46.0,0.435,18.0,23.0,0.783,11.0,35.0,46.0,27.0,5.0,1.0,8.0,14.0,128.0,18,1,1610612747,LAL,Los Angeles Lakers,LAL @ DAL,L,40.0,89.0,0.449,12.0,44.0,0.273,18.0,22.0,0.818,14.0,34.0,48.0,20.0,7.0,2.0,9.0,22.0,110.0,-18,1,Regular Season
22101150,22021,1610612762,UTA,Utah Jazz,2022-03-31,UTA vs. LAL,W,240,46.0,90.0,0.511,15.0,44.0,0.341,15.0,24.0,0.625,9.0,32.0,41.0,25.0,7.0,2.0,8.0,20.0,122.0,13,1,1610612747,LAL,Los Angeles Lakers,LAL @ UTA,L,41.0,83.0,0.494,7.0,25.0,0.28,20.0,28.0,0.714,9.0,31.0,40.0,18.0,5.0,3.0,11.0,21.0,109.0,-13,1,Regular Season
22101160,22021,1610612747,LAL,Los Angeles Lakers,2022-04-01,LAL vs. NOP,L,240,39.0,82.0,0.476,11.0,27.0,0.407,22.0,31.0,0.71,7.0,33.0,40.0,24.0,10.0,1.0,17.0,24.0,111.0,-3,1,1610612740,NOP,New Orleans Pelicans,NOP @ LAL,W,41.0,79.0,0.519,7.0,26.0,0.269,25.0,29.0,0.862,4.0,33.0,37.0,23.0,8.0,4.0,15.0,21.0,114.0,3,1,Regular Season
22101168,22021,1610612747,LAL,Los Angeles Lakers,2022-04-03,LAL vs. DEN,L,240,49.0,92.0,0.533,6.0,20.0,0.3,14.0,21.0,0.667,6.0,34.0,40.0,31.0,4.0,5.0,13.0,25.0,118.0,-11,1,1610612743,DEN,Denver Nuggets,DEN @ LAL,W,47.0,82.0,0.573,12.0,31.0,0.387,23.0,29.0,0.793,6.0,32.0,38.0,33.0,10.0,5.0,12.0,18.0,129.0,11,1,Regular Season
22101189,22021,1610612756,PHX,Phoenix Suns,2022-04-05,PHX vs. LAL,W,240,50.0,102.0,0.49,14.0,39.0,0.359,7.0,9.0,0.778,11.0,42.0,53.0,38.0,10.0,4.0,14.0,22.0,121.0,11,1,1610612747,LAL,Los Angeles Lakers,LAL @ PHX,L,39.0,86.0,0.453,9.0,29.0,0.31,23.0,30.0,0.767,7.0,39.0,46.0,22.0,7.0,3.0,16.0,14.0,110.0,-11,1,Regular Season
22101202,22021,1610612744,GSW,Golden State Warriors,2022-04-07,GSW vs. LAL,W,240,51.0,97.0,0.526,16.0,32.0,0.5,10.0,10.0,1.0,9.0,36.0,45.0,39.0,10.0,5.0,15.0,26.0,128.0,16,1,1610612747,LAL,Los Angeles Lakers,LAL @ GSW,L,37.0,83.0,0.446,9.0,32.0,0.281,29.0,38.0,0.763,8.0,34.0,42.0,14.0,8.0,4.0,19.0,13.0,112.0,-16,1,Regular Season
22101211,22021,1610612747,LAL,Los Angeles Lakers,2022-04-08,LAL vs. OKC,W,240,41.0,82.0,0.5,9.0,31.0,0.29,29.0,39.0,0.744,7.0,38.0,45.0,23.0,8.0,4.0,10.0,17.0,120.0,19,1,1610612760,OKC,Oklahoma City Thunder,OKC @ LAL,L,40.0,88.0,0.455,6.0,29.0,0.207,15.0,19.0,0.789,9.0,35.0,44.0,21.0,5.0,3.0,14.0,26.0,101.0,-19,1,Regular Season
22101220,22021,1610612743,DEN,Denver Nuggets,2022-04-10,DEN vs. LAL,L,265,49.0,100.0,0.49,15.0,47.0,0.319,28.0,36.0,0.778,11.0,34.0,45.0,33.0,10.0,7.0,14.0,34.0,141.0,-5,1,1610612747,LAL,Los Angeles Lakers,LAL @ DEN,W,44.0,94.0,0.468,16.0,43.0,0.372,42.0,47.0,0.894,13.0,37.0,50.0,26.0,4.0,6.0,13.0,24.0,146.0,5,1,Regular Season
12100001,12021,1610612747,LAL,Los Angeles Lakers,2021-10-03,LAL vs. BKN,L,240,32.0,88.0,0.364,11.0,35.0,0.314,22.0,32.0,0.688,13.0,28.0,41.0,17.0,9.0,6.0,16.0,30.0,97.0,-26,1,1610612751,BKN,Brooklyn Nets,BKN @ LAL,W,42.0,87.0,0.483,10.0,24.0,0.417,29.0,40.0,0.725,14.0,40.0,54.0,20.0,9.0,7.0,16.0,30.0,123.0,26,1,Pre Season
12100020,12021,1610612756,PHX,Phoenix Suns,2021-10-06,PHX vs. LAL,W,240,44.0,99.0,0.444,11.0,28.0,0.393,18.0,19.0,0.947,12.0,40.0,52.0,31.0,11.0,2.0,14.0,17.0,117.0,12,1,1610612747,LAL,Los Angeles Lakers,LAL @ PHX,L,39.0,84.0,0.464,12.0,34.0,0.353,15.0,19.0,0.789,4.0,36.0,40.0,24.0,10.0,4.0,17.0,21.0,105.0,-12,1,Pre Season
12100031,12021,1610612744,GSW,Golden State Warriors,2021-10-08,GSW vs. LAL,W,240,44.0,97.0,0.454,20.0,56.0,0.357,13.0,18.0,0.722,9.0,33.0,42.0,30.0,22.0,5.0,15.0,25.0,121.0,7,1,1610612747,LAL,Los Angeles Lakers,LAL @ GSW,L,39.0,91.0,0.429,13.0,36.0,0.361,23.0,32.0,0.719,14.0,42.0,56.0,22.0,8.0,3.0,27.0,22.0,114.0,-7,1,Pre Season
12100038,12021,1610612747,LAL,Los Angeles Lakers,2021-10-10,LAL vs. PHX,L,240,32.0,85.0,0.376,15.0,42.0,0.357,15.0,22.0,0.682,7.0,29.0,36.0,23.0,12.0,5.0,23.0,21.0,94.0,-29,1,1610612756,PHX,Phoenix Suns,PHX @ LAL,W,47.0,90.0,0.522,9.0,29.0,0.31,20.0,22.0,0.909,13.0,43.0,56.0,26.0,8.0,4.0,21.0,22.0,123.0,29,1,Pre Season
12100047,12021,1610612747,LAL,Los Angeles Lakers,2021-10-12,LAL vs. GSW,L,240,36.0,87.0,0.414,10.0,31.0,0.323,17.0,22.0,0.773,6.0,46.0,52.0,22.0,9.0,6.0,20.0,22.0,99.0,-12,1,1610612744,GSW,Golden State Warriors,GSW @ LAL,W,42.0,99.0,0.424,11.0,49.0,0.224,16.0,22.0,0.727,9.0,42.0,51.0,29.0,10.0,5.0,13.0,19.0,111.0,12,1,Pre Season
12100058,12021,1610612758,SAC,Sacramento Kings,2021-10-14,SAC vs. LAL,W,240,39.0,98.0,0.398,17.0,47.0,0.362,21.0,26.0,0.808,12.0,37.0,49.0,22.0,9.0,3.0,11.0,24.0,116.0,4,1,1610612747,LAL,Los Angeles Lakers,LAL @ SAC,L,44.0,94.0,0.468,9.0,29.0,0.31,15.0,24.0,0.625,10.0,46.0,56.0,25.0,6.0,7.0,16.0,24.0,112.0,-4,1,Pre Season
22200002,22022,1610612744,GSW,Golden State Warriors,2022-10-18,GSW vs. LAL,W,240,45.0,99.0,0.455,16.0,45.0,0.356,17.0,23.0,0.739,11.0,37.0,48.0,31.0,11.0,4.0,18.0,23.0,123.0,14,1,1610612747,LAL,Los Angeles Lakers,LAL @ GSW,L,40.0,94.0,0.426,10.0,40.0,0.25,19.0,25.0,0.76,9.0,39.0,48.0,23.0,12.0,4.0,22.0,18.0,109.0,-14,1,Regular Season
22200016,22022,1610612747,LAL,Los Angeles Lakers,2022-10-20,LAL vs. LAC,L,240,33.0,94.0,0.351,9.0,45.0,0.2,22.0,26.0,0.846,8.0,30.0,38.0,23.0,13.0,5.0,10.0,24.0,97.0,-6,1,1610612746,LAC,LA Clippers,LAC @ LAL,W,37.0,80.0,0.463,9.0,29.0,0.31,20.0,31.0,0.645,10.0,48.0,58.0,18.0,7.0,7.0,23.0,24.0,103.0,6,1,Regular Season
22200037,22022,1610612747,LAL,Los Angeles Lakers,2022-10-23,LAL vs. POR,L,240,41.0,92.0,0.446,6.0,33.0,0.182,16.0,20.0,0.8,10.0,30.0,40.0,26.0,9.0,9.0,13.0,24.0,104.0,-2,1,1610612757,POR,Portland Trail Blazers,POR @ LAL,W,37.0,84.0,0.44,10.0,27.0,0.37,22.0,27.0,0.815,13.0,39.0,52.0,19.0,6.0,5.0,19.0,20.0,106.0,2,1,Regular Season
22200064,22022,1610612743,DEN,Denver Nuggets,2022-10-26,DEN vs. LAL,W,240,42.0,92.0,0.457,9.0,34.0,0.265,17.0,21.0,0.81,9.0,45.0,54.0,34.0,12.0,5.0,11.0,17.0,110.0,11,1,1610612747,LAL,Los Angeles Lakers,LAL @ DEN,L,40.0,90.0,0.444,8.0,30.0,0.267,11.0,16.0,0.688,7.0,40.0,47.0,25.0,8.0,4.0,14.0,16.0,99.0,-11,1,Regular Season
22200076,22022,1610612750,MIN,Minnesota Timberwolves,2022-10-28,MIN vs. LAL,W,240,41.0,99.0,0.414,13.0,40.0,0.325,16.0,24.0,0.667,14.0,35.0,49.0,27.0,13.0,8.0,10.0,21.0,111.0,9,1,1610612747,LAL,Los Angeles Lakers,LAL @ MIN,L,37.0,89.0,0.416,9.0,29.0,0.31,19.0,27.0,0.704,12.0,43.0,55.0,20.0,8.0,5.0,22.0,21.0,102.0,-9,1,Regular Season
22200095,22022,1610612747,LAL,Los Angeles Lakers,2022-10-30,LAL vs. DEN,W,240,46.0,96.0,0.479,13.0,30.0,0.433,16.0,20.0,0.8,13.0,38.0,51.0,24.0,5.0,5.0,9.0,17.0,121.0,11,1,1610612743,DEN,Denver Nuggets,DEN @ LAL,L,41.0,96.0,0.427,15.0,40.0,0.375,13.0,18.0,0.722,13.0,35.0,48.0,24.0,3.0,8.0,9.0,15.0,110.0,-11,1,Regular Season
22200117,22022,1610612747,LAL,Los Angeles Lakers,2022-11-02,LAL vs. NOP,W,265,45.0,98.0,0.459,10.0,36.0,0.278,20.0,23.0,0.87,11.0,45.0,56.0,30.0,6.0,8.0,18.0,17.0,120.0,3,1,1610612740,NOP,New Orleans Pelicans,NOP @ LAL,L,47.0,102.0,0.461,8.0,25.0,0.32,15.0,21.0,0.714,11.0,40.0,51.0,35.0,10.0,5.0,14.0,20.0,117.0,-3,1,Regular Season
22200131,22022,1610612747,LAL,Los Angeles Lakers,2022-11-04,LAL vs. UTA,L,240,40.0,83.0,0.482,11.0,26.0,0.423,25.0,28.0,0.893,9.0,31.0,40.0,22.0,6.0,6.0,11.0,17.0,116.0,-14,1,1610612762,UTA,Utah Jazz,UTA @ LAL,W,52.0,103.0,0.505,17.0,40.0,0.425,9.0,10.0,0.9,15.0,33.0,48.0,31.0,8.0,3.0,8.0,22.0,130.0,14,1,Regular Season
22200140,22022,1610612747,LAL,Los Angeles Lakers,2022-11-06,LAL vs. CLE,L,240,40.0,87.0,0.46,8.0,27.0,0.296,12.0,21.0,0.571,10.0,33.0,43.0,24.0,4.0,4.0,17.0,26.0,100.0,-14,1,1610612739,CLE,Cleveland Cavaliers,CLE @ LAL,W,37.0,84.0,0.44,8.0,32.0,0.25,32.0,36.0,0.889,9.0,39.0,48.0,19.0,7.0,6.0,14.0,20.0,114.0,14,1,Regular Season
22200157,22022,1610612762,UTA,Utah Jazz,2022-11-07,UTA vs. LAL,W,240,53.0,95.0,0.558,16.0,38.0,0.421,17.0,22.0,0.773,10.0,31.0,41.0,30.0,10.0,7.0,15.0,23.0,139.0,23,1,1610612747,LAL,Los Angeles Lakers,LAL @ UTA,L,40.0,82.0,0.488,9.0,24.0,0.375,27.0,30.0,0.9,7.0,26.0,33.0,15.0,7.0,5.0,16.0,21.0,116.0,-23,1,Regular Season
22200170,22022,1610612746,LAC,LA Clippers,2022-11-09,LAC vs. LAL,W,240,41.0,81.0,0.506,12.0,33.0,0.364,20.0,26.0,0.769,6.0,35.0,41.0,24.0,10.0,7.0,15.0,24.0,114.0,13,1,1610612747,LAL,Los Angeles Lakers,LAL @ LAC,L,40.0,88.0,0.455,10.0,32.0,0.313,11.0,17.0,0.647,8.0,35.0,43.0,26.0,7.0,2.0,16.0,20.0,101.0,-13,1,Regular Season
22200183,22022,1610612747,LAL,Los Angeles Lakers,2022-11-11,LAL vs. SAC,L,240,42.0,88.0,0.477,10.0,25.0,0.4,20.0,26.0,0.769,14.0,27.0,41.0,22.0,11.0,5.0,14.0,22.0,114.0,-6,1,1610612758,SAC,Sacramento Kings,SAC @ LAL,W,45.0,87.0,0.517,12.0,36.0,0.333,18.0,21.0,0.857,10.0,30.0,40.0,27.0,10.0,4.0,15.0,17.0,120.0,6,1,Regular Season
22200198,22022,1610612747,LAL,Los Angeles Lakers,2022-11-13,LAL vs. BKN,W,240,44.0,91.0,0.484,11.0,27.0,0.407,17.0,20.0,0.85,12.0,33.0,45.0,25.0,3.0,2.0,9.0,22.0,116.0,13,1,1610612751,BKN,Brooklyn Nets,BKN @ LAL,L,36.0,80.0,0.45,7.0,27.0,0.259,24.0,31.0,0.774,8.0,33.0,41.0,22.0,5.0,5.0,13.0,17.0,103.0,-13,1,Regular Season
22200234,22022,1610612747,LAL,Los Angeles Lakers,2022-11-18,LAL vs. DET,W,240,43.0,78.0,0.551,7.0,20.0,0.35,35.0,40.0,0.875,7.0,37.0,44.0,29.0,2.0,7.0,16.0,24.0,128.0,7,1,1610612765,DET,Detroit Pistons,DET @ LAL,L,43.0,92.0,0.467,11.0,34.0,0.324,24.0,32.0,0.75,10.0,27.0,37.0,27.0,9.0,4.0,11.0,30.0,121.0,-7,1,Regular Season
22200247,22022,1610612747,LAL,Los Angeles Lakers,2022-11-20,LAL vs. SAS,W,240,45.0,85.0,0.529,12.0,34.0,0.353,21.0,24.0,0.875,5.0,49.0,54.0,29.0,5.0,2.0,15.0,10.0,123.0,31,1,1610612759,SAS,San Antonio Spurs,SAS @ LAL,L,41.0,105.0,0.39,7.0,34.0,0.206,3.0,10.0,0.3,13.0,31.0,44.0,26.0,7.0,2.0,10.0,17.0,92.0,-31,1,Regular Season
22200259,22022,1610612756,PHX,Phoenix Suns,2022-11-22,PHX vs. LAL,W,240,48.0,102.0,0.471,16.0,34.0,0.471,3.0,5.0,0.6,8.0,41.0,49.0,23.0,8.0,7.0,15.0,22.0,115.0,10,1,1610612747,LAL,Los Angeles Lakers,LAL @ PHX,L,36.0,85.0,0.424,4.0,22.0,0.182,29.0,35.0,0.829,7.0,38.0,45.0,19.0,8.0,7.0,17.0,12.0,105.0,-10,1,Regular Season
22200282,22022,1610612759,SAS,San Antonio Spurs,2022-11-25,SAS vs. LAL,L,240,38.0,100.0,0.38,6.0,33.0,0.182,12.0,16.0,0.75,20.0,30.0,50.0,21.0,11.0,3.0,16.0,18.0,94.0,-11,1,1610612747,LAL,Los Angeles Lakers,LAL @ SAS,W,40.0,83.0,0.482,8.0,27.0,0.296,17.0,20.0,0.85,10.0,39.0,49.0,28.0,12.0,5.0,22.0,16.0,105.0,11,1,Regular Season
22200288,22022,1610612759,SAS,San Antonio Spurs,2022-11-26,SAS vs. LAL,L,240,53.0,105.0,0.505,18.0,37.0,0.486,14.0,20.0,0.7,17.0,30.0,47.0,33.0,8.0,5.0,10.0,32.0,138.0,-5,1,1610612747,LAL,Los Angeles Lakers,LAL @ SAS,W,47.0,81.0,0.58,17.0,33.0,0.515,32.0,37.0,0.865,3.0,36.0,39.0,25.0,4.0,7.0,17.0,20.0,143.0,5,1,Regular Season
22200308,22022,1610612747,LAL,Los Angeles Lakers,2022-11-28,LAL vs. IND,L,240,40.0,93.0,0.43,11.0,31.0,0.355,24.0,31.0,0.774,18.0,39.0,57.0,23.0,3.0,7.0,14.0,16.0,115.0,-1,1,1610612754,IND,Indiana Pacers,IND @ LAL,W,43.0,105.0,0.41,17.0,49.0,0.347,13.0,16.0,0.813,12.0,37.0,49.0,29.0,6.0,10.0,10.0,24.0,116.0,1,1,Regular Season
22200324,22022,1610612747,LAL,Los Angeles Lakers,2022-11-30,LAL vs. POR,W,240,48.0,97.0,0.495,14.0,37.0,0.378,18.0,26.0,0.692,13.0,35.0,48.0,28.0,5.0,6.0,8.0,18.0,128.0,19,1,1610612757,POR,Portland Trail Blazers,POR @ LAL,L,42.0,90.0,0.467,8.0,24.0,0.333,17.0,21.0,0.81,12.0,33.0,45.0,21.0,4.0,5.0,12.0,25.0,109.0,-19,1,Regular Season
22200331,22022,1610612749,MIL,Milwaukee Bucks,2022-12-02,MIL vs. LAL,L,240,50.0,94.0,0.532,17.0,43.0,0.395,12.0,15.0,0.8,10.0,32.0,42.0,29.0,2.0,5.0,10.0,18.0,129.0,-4,1,1610612747,LAL,Los Angeles Lakers,LAL @ MIL,W,52.0,96.0,0.542,11.0,26.0,0.423,18.0,24.0,0.75,12.0,32.0,44.0,32.0,6.0,4.0,4.0,16.0,133.0,4,1,Regular Season
22200349,22022,1610612764,WAS,Washington Wizards,2022-12-04,WAS vs. LAL,L,240,49.0,105.0,0.467,10.0,39.0,0.256,11.0,15.0,0.733,11.0,33.0,44.0,24.0,10.0,8.0,10.0,23.0,119.0,-11,1,1610612747,LAL,Los Angeles Lakers,LAL @ WAS,W,52.0,96.0,0.542,10.0,26.0,0.385,16.0,22.0,0.727,9.0,42.0,51.0,34.0,5.0,5.0,15.0,14.0,130.0,11,1,Regular Season
22200360,22022,1610612739,CLE,Cleveland Cavaliers,2022-12-06,CLE vs. LAL,W,240,48.0,93.0,0.516,7.0,27.0,0.259,13.0,17.0,0.765,9.0,35.0,44.0,25.0,11.0,3.0,8.0,20.0,116.0,14,1,1610612747,LAL,Los Angeles Lakers,LAL @ CLE,L,38.0,89.0,0.427,6.0,36.0,0.167,20.0,24.0,0.833,14.0,29.0,43.0,16.0,4.0,6.0,16.0,13.0,102.0,-14,1,Regular Season
22200366,22022,1610612761,TOR,Toronto Raptors,2022-12-07,TOR vs. LAL,W,240,47.0,106.0,0.443,12.0,43.0,0.279,20.0,24.0,0.833,17.0,37.0,54.0,25.0,10.0,5.0,11.0,22.0,126.0,13,1,1610612747,LAL,Los Angeles Lakers,LAL @ TOR,L,37.0,87.0,0.425,7.0,33.0,0.212,32.0,35.0,0.914,10.0,36.0,46.0,16.0,6.0,3.0,15.0,17.0,113.0,-13,1,Regular Season
22200382,22022,1610612755,PHI,Philadelphia 76ers,2022-12-09,PHI vs. LAL,W,265,48.0,90.0,0.533,18.0,40.0,0.45,19.0,22.0,0.864,7.0,35.0,42.0,30.0,14.0,2.0,23.0,30.0,133.0,11,1,1610612747,LAL,Los Angeles Lakers,LAL @ PHI,L,44.0,88.0,0.5,11.0,31.0,0.355,23.0,30.0,0.767,7.0,30.0,37.0,29.0,12.0,4.0,21.0,23.0,122.0,-11,1,Regular Season
22200396,22022,1610612765,DET,Detroit Pistons,2022-12-11,DET vs. LAL,L,240,43.0,93.0,0.462,17.0,45.0,0.378,14.0,17.0,0.824,10.0,30.0,40.0,28.0,9.0,3.0,12.0,19.0,117.0,-7,1,1610612747,LAL,Los Angeles Lakers,LAL @ DET,W,46.0,84.0,0.548,11.0,26.0,0.423,21.0,27.0,0.778,6.0,36.0,42.0,31.0,8.0,4.0,11.0,14.0,124.0,7,1,Regular Season
22200413,22022,1610612747,LAL,Los Angeles Lakers,2022-12-13,LAL vs. BOS,L,265,44.0,93.0,0.473,8.0,29.0,0.276,22.0,30.0,0.733,7.0,42.0,49.0,23.0,7.0,9.0,12.0,17.0,118.0,-4,1,1610612738,BOS,Boston Celtics,BOS @ LAL,W,46.0,104.0,0.442,19.0,48.0,0.396,11.0,16.0,0.688,13.0,38.0,51.0,27.0,6.0,2.0,14.0,22.0,122.0,4,1,Regular Season
22200437,22022,1610612747,LAL,Los Angeles Lakers,2022-12-16,LAL vs. DEN,W,240,48.0,91.0,0.527,12.0,33.0,0.364,18.0,24.0,0.75,11.0,34.0,45.0,29.0,11.0,4.0,15.0,21.0,126.0,18,1,1610612743,DEN,Denver Nuggets,DEN @ LAL,L,39.0,81.0,0.481,9.0,27.0,0.333,21.0,28.0,0.75,9.0,30.0,39.0,25.0,7.0,4.0,19.0,17.0,108.0,-18,1,Regular Season
22200451,22022,1610612747,LAL,Los Angeles Lakers,2022-12-18,LAL vs. WAS,W,240,46.0,92.0,0.5,11.0,27.0,0.407,16.0,22.0,0.727,6.0,37.0,43.0,29.0,4.0,5.0,9.0,18.0,119.0,2,1,1610612764,WAS,Washington Wizards,WAS @ LAL,L,44.0,95.0,0.463,10.0,39.0,0.256,19.0,24.0,0.792,10.0,38.0,48.0,24.0,5.0,6.0,10.0,20.0,117.0,-2,1,Regular Season
22200459,22022,1610612756,PHX,Phoenix Suns,2022-12-19,PHX vs. LAL,W,240,46.0,93.0,0.495,20.0,39.0,0.513,18.0,24.0,0.75,15.0,36.0,51.0,21.0,10.0,5.0,9.0,16.0,130.0,26,1,1610612747,LAL,Los Angeles Lakers,LAL @ PHX,L,39.0,87.0,0.448,12.0,28.0,0.429,14.0,17.0,0.824,10.0,28.0,38.0,13.0,5.0,5.0,15.0,16.0,104.0,-26,1,Regular Season
22200475,22022,1610612758,SAC,Sacramento Kings,2022-12-21,SAC vs. LAL,W,240,48.0,95.0,0.505,17.0,47.0,0.362,21.0,28.0,0.75,10.0,36.0,46.0,29.0,6.0,2.0,12.0,23.0,134.0,14,1,1610612747,LAL,Los Angeles Lakers,LAL @ SAC,L,42.0,84.0,0.5,11.0,24.0,0.458,25.0,30.0,0.833,5.0,34.0,39.0,25.0,6.0,5.0,15.0,24.0,120.0,-14,1,Regular Season
22200492,22022,1610612747,LAL,Los Angeles Lakers,2022-12-23,LAL vs. CHA,L,240,48.0,92.0,0.522,19.0,44.0,0.432,15.0,22.0,0.682,12.0,30.0,42.0,27.0,5.0,1.0,17.0,19.0,130.0,-4,1,1610612766,CHA,Charlotte Hornets,CHA @ LAL,W,52.0,94.0,0.553,16.0,41.0,0.39,14.0,18.0,0.778,11.0,30.0,41.0,30.0,11.0,5.0,16.0,21.0,134.0,4,1,Regular Season
22200494,22022,1610612742,DAL,Dallas Mavericks,2022-12-25,DAL vs. LAL,W,240,44.0,84.0,0.524,18.0,44.0,0.409,18.0,25.0,0.72,11.0,27.0,38.0,31.0,6.0,3.0,11.0,26.0,124.0,9,1,1610612747,LAL,Los Angeles Lakers,LAL @ DAL,L,39.0,80.0,0.488,9.0,28.0,0.321,28.0,32.0,0.875,6.0,29.0,35.0,18.0,5.0,2.0,10.0,23.0,115.0,-9,1,Regular Season
22200505,22022,1610612753,ORL,Orlando Magic,2022-12-27,ORL vs. LAL,L,240,42.0,84.0,0.5,10.0,28.0,0.357,16.0,25.0,0.64,8.0,29.0,37.0,25.0,8.0,5.0,11.0,17.0,110.0,-19,1,1610612747,LAL,Los Angeles Lakers,LAL @ ORL,W,49.0,90.0,0.544,17.0,43.0,0.395,14.0,17.0,0.824,9.0,37.0,46.0,32.0,4.0,2.0,14.0,16.0,129.0,19,1,Regular Season
22200518,22022,1610612748,MIA,Miami Heat,2022-12-28,MIA vs. LAL,W,240,44.0,92.0,0.478,11.0,35.0,0.314,13.0,16.0,0.813,10.0,27.0,37.0,20.0,14.0,4.0,6.0,15.0,112.0,14,1,1610612747,LAL,Los Angeles Lakers,LAL @ MIA,L,37.0,77.0,0.481,13.0,36.0,0.361,11.0,15.0,0.733,8.0,36.0,44.0,25.0,2.0,4.0,26.0,16.0,98.0,-14,1,Regular Season
22200530,22022,1610612737,ATL,Atlanta Hawks,2022-12-30,ATL vs. LAL,L,240,48.0,101.0,0.475,11.0,38.0,0.289,14.0,20.0,0.7,12.0,29.0,41.0,22.0,6.0,5.0,10.0,19.0,121.0,-9,1,1610612747,LAL,Los Angeles Lakers,LAL @ ATL,W,52.0,96.0,0.542,10.0,32.0,0.313,16.0,18.0,0.889,12.0,43.0,55.0,34.0,7.0,6.0,16.0,17.0,130.0,9,1,Regular Season
22200551,22022,1610612766,CHA,Charlotte Hornets,2023-01-02,CHA vs. LAL,L,240,42.0,93.0,0.452,11.0,32.0,0.344,20.0,29.0,0.69,8.0,39.0,47.0,24.0,8.0,7.0,14.0,22.0,115.0,-6,1,1610612747,LAL,Los Angeles Lakers,LAL @ CHA,W,45.0,93.0,0.484,10.0,30.0,0.333,21.0,30.0,0.7,9.0,44.0,53.0,26.0,6.0,5.0,15.0,21.0,121.0,6,1,Regular Season
22200574,22022,1610612747,LAL,Los Angeles Lakers,2023-01-04,LAL vs. MIA,W,240,40.0,81.0,0.494,8.0,27.0,0.296,24.0,30.0,0.8,9.0,33.0,42.0,20.0,10.0,4.0,17.0,18.0,112.0,3,1,1610612748,MIA,Miami Heat,MIA @ LAL,L,43.0,95.0,0.453,8.0,29.0,0.276,15.0,21.0,0.714,14.0,29.0,43.0,24.0,9.0,4.0,13.0,20.0,109.0,-3,1,Regular Season
22200590,22022,1610612747,LAL,Los Angeles Lakers,2023-01-06,LAL vs. ATL,W,240,51.0,93.0,0.548,16.0,35.0,0.457,12.0,16.0,0.75,7.0,44.0,51.0,33.0,6.0,5.0,18.0,18.0,130.0,16,1,1610612737,ATL,Atlanta Hawks,ATL @ LAL,L,44.0,96.0,0.458,9.0,31.0,0.29,17.0,22.0,0.773,7.0,32.0,39.0,24.0,8.0,5.0,12.0,15.0,114.0,-16,1,Regular Season
22200595,22022,1610612758,SAC,Sacramento Kings,2023-01-07,SAC vs. LAL,L,240,45.0,86.0,0.523,14.0,32.0,0.438,30.0,37.0,0.811,13.0,21.0,34.0,25.0,5.0,4.0,14.0,26.0,134.0,-2,1,1610612747,LAL,Los Angeles Lakers,LAL @ SAC,W,50.0,82.0,0.61,9.0,21.0,0.429,27.0,33.0,0.818,10.0,28.0,38.0,26.0,4.0,3.0,17.0,25.0,136.0,2,1,Regular Season
22200609,22022,1610612743,DEN,Denver Nuggets,2023-01-09,DEN vs. LAL,W,240,46.0,99.0,0.465,15.0,42.0,0.357,15.0,17.0,0.882,14.0,41.0,55.0,29.0,7.0,11.0,17.0,19.0,122.0,13,1,1610612747,LAL,Los Angeles Lakers,LAL @ DEN,L,41.0,93.0,0.441,8.0,28.0,0.286,19.0,25.0,0.76,11.0,33.0,44.0,20.0,12.0,2.0,14.0,14.0,109.0,-13,1,Regular Season
22200630,22022,1610612747,LAL,Los Angeles Lakers,2023-01-12,LAL vs. DAL,L,290,44.0,112.0,0.393,10.0,41.0,0.244,17.0,27.0,0.63,14.0,42.0,56.0,24.0,7.0,4.0,10.0,18.0,115.0,-4,1,1610612742,DAL,Dallas Mavericks,DAL @ LAL,W,48.0,96.0,0.5,14.0,42.0,0.333,9.0,17.0,0.529,3.0,51.0,54.0,25.0,4.0,9.0,19.0,26.0,119.0,4,1,Regular Season
22200655,22022,1610612747,LAL,Los Angeles Lakers,2023-01-15,LAL vs. PHI,L,240,48.0,87.0,0.552,6.0,20.0,0.3,10.0,13.0,0.769,4.0,34.0,38.0,28.0,4.0,6.0,11.0,19.0,112.0,-1,1,1610612755,PHI,Philadelphia 76ers,PHI @ LAL,W,43.0,85.0,0.506,12.0,34.0,0.353,15.0,19.0,0.789,5.0,33.0,38.0,29.0,3.0,7.0,10.0,16.0,113.0,1,1,Regular Season
22200664,22022,1610612747,LAL,Los Angeles Lakers,2023-01-16,LAL vs. HOU,W,240,49.0,91.0,0.538,12.0,33.0,0.364,30.0,35.0,0.857,9.0,30.0,39.0,23.0,4.0,5.0,2.0,19.0,140.0,8,1,1610612745,HOU,Houston Rockets,HOU @ LAL,L,49.0,100.0,0.49,11.0,30.0,0.367,23.0,31.0,0.742,17.0,31.0,48.0,28.0,0.0,7.0,8.0,25.0,132.0,-8,1,Regular Season
22200677,22022,1610612747,LAL,Los Angeles Lakers,2023-01-18,LAL vs. SAC,L,240,43.0,89.0,0.483,11.0,34.0,0.324,14.0,18.0,0.778,6.0,30.0,36.0,26.0,9.0,3.0,7.0,20.0,111.0,-5,1,1610612758,SAC,Sacramento Kings,SAC @ LAL,W,43.0,87.0,0.494,9.0,30.0,0.3,21.0,27.0,0.778,14.0,33.0,47.0,23.0,3.0,5.0,11.0,14.0,116.0,5,1,Regular Season
22200690,22022,1610612747,LAL,Los Angeles Lakers,2023-01-20,LAL vs. MEM,W,240,38.0,93.0,0.409,13.0,41.0,0.317,33.0,41.0,0.805,10.0,37.0,47.0,24.0,7.0,7.0,10.0,26.0,122.0,1,1,1610612763,MEM,Memphis Grizzlies,MEM @ LAL,L,43.0,102.0,0.422,9.0,29.0,0.31,26.0,40.0,0.65,24.0,39.0,63.0,24.0,6.0,7.0,14.0,31.0,121.0,-1,1,Regular Season
22200705,22022,1610612757,POR,Portland Trail Blazers,2023-01-22,POR vs. LAL,L,240,37.0,86.0,0.43,17.0,46.0,0.37,21.0,25.0,0.84,11.0,27.0,38.0,24.0,5.0,7.0,12.0,24.0,112.0,-9,1,1610612747,LAL,Los Angeles Lakers,LAL @ POR,W,45.0,86.0,0.523,10.0,30.0,0.333,21.0,27.0,0.778,10.0,41.0,51.0,23.0,5.0,5.0,13.0,19.0,121.0,9,1,Regular Season
22200719,22022,1610612747,LAL,Los Angeles Lakers,2023-01-24,LAL vs. LAC,L,240,42.0,95.0,0.442,16.0,40.0,0.4,15.0,24.0,0.625,9.0,23.0,32.0,21.0,8.0,4.0,7.0,13.0,115.0,-18,1,1610612746,LAC,LA Clippers,LAC @ LAL,W,51.0,84.0,0.607,19.0,38.0,0.5,12.0,15.0,0.8,7.0,40.0,47.0,25.0,4.0,9.0,15.0,20.0,133.0,18,1,Regular Season
22200729,22022,1610612747,LAL,Los Angeles Lakers,2023-01-25,LAL vs. SAS,W,240,40.0,90.0,0.444,10.0,33.0,0.303,23.0,30.0,0.767,11.0,45.0,56.0,25.0,12.0,9.0,20.0,13.0,113.0,9,1,1610612759,SAS,San Antonio Spurs,SAS @ LAL,L,40.0,106.0,0.377,8.0,34.0,0.235,16.0,18.0,0.889,17.0,31.0,48.0,22.0,11.0,2.0,14.0,19.0,104.0,-9,1,Regular Season
22200749,22022,1610612738,BOS,Boston Celtics,2023-01-28,BOS vs. LAL,W,265,39.0,84.0,0.464,13.0,40.0,0.325,34.0,39.0,0.872,7.0,39.0,46.0,18.0,8.0,9.0,12.0,22.0,125.0,4,1,1610612747,LAL,Los Angeles Lakers,LAL @ BOS,L,47.0,105.0,0.448,12.0,42.0,0.286,15.0,20.0,0.75,11.0,36.0,47.0,30.0,4.0,0.0,12.0,23.0,121.0,-4,1,Regular Season
22200757,22022,1610612751,BKN,Brooklyn Nets,2023-01-30,BKN vs. LAL,W,240,45.0,95.0,0.474,16.0,41.0,0.39,15.0,19.0,0.789,12.0,38.0,50.0,24.0,8.0,9.0,11.0,25.0,121.0,17,1,1610612747,LAL,Los Angeles Lakers,LAL @ BKN,L,35.0,89.0,0.393,11.0,29.0,0.379,23.0,37.0,0.622,16.0,37.0,53.0,24.0,1.0,3.0,14.0,16.0,104.0,-17,1,Regular Season
22200765,22022,1610612752,NYK,New York Knicks,2023-01-31,NYK vs. LAL,L,265,44.0,98.0,0.449,7.0,34.0,0.206,28.0,32.0,0.875,13.0,32.0,45.0,27.0,6.0,3.0,9.0,24.0,123.0,-6,1,1610612747,LAL,Los Angeles Lakers,LAL @ NYK,W,48.0,93.0,0.516,11.0,33.0,0.333,22.0,31.0,0.71,11.0,33.0,44.0,29.0,6.0,1.0,14.0,23.0,129.0,6,1,Regular Season
22200778,22022,1610612754,IND,Indiana Pacers,2023-02-02,IND vs. LAL,L,240,45.0,93.0,0.484,16.0,41.0,0.39,5.0,6.0,0.833,6.0,40.0,46.0,30.0,8.0,6.0,16.0,21.0,111.0,-1,1,1610612747,LAL,Los Angeles Lakers,LAL @ IND,W,42.0,92.0,0.457,6.0,22.0,0.273,22.0,31.0,0.71,13.0,38.0,51.0,29.0,8.0,5.0,13.0,10.0,112.0,1,1,Regular Season
22200798,22022,1610612740,NOP,New Orleans Pelicans,2023-02-04,NOP vs. LAL,W,240,52.0,100.0,0.52,9.0,30.0,0.3,18.0,20.0,0.9,14.0,34.0,48.0,28.0,6.0,0.0,11.0,22.0,131.0,5,1,1610612747,LAL,Los Angeles Lakers,LAL @ NOP,L,45.0,94.0,0.479,11.0,32.0,0.344,25.0,33.0,0.758,13.0,31.0,44.0,30.0,4.0,3.0,9.0,20.0,126.0,-5,1,Regular Season
22200821,22022,1610612747,LAL,Los Angeles Lakers,2023-02-07,LAL vs. OKC,L,240,49.0,85.0,0.576,14.0,31.0,0.452,18.0,26.0,0.692,6.0,35.0,41.0,27.0,8.0,3.0,21.0,19.0,130.0,-3,1,1610612760,OKC,Oklahoma City Thunder,OKC @ LAL,W,49.0,94.0,0.521,17.0,34.0,0.5,18.0,20.0,0.9,7.0,30.0,37.0,32.0,12.0,2.0,13.0,18.0,133.0,3,1,Regular Season
22200834,22022,1610612747,LAL,Los Angeles Lakers,2023-02-09,LAL vs. MIL,L,240,42.0,89.0,0.472,7.0,18.0,0.389,15.0,21.0,0.714,11.0,32.0,43.0,23.0,2.0,2.0,12.0,19.0,106.0,-9,1,1610612749,MIL,Milwaukee Bucks,MIL @ LAL,W,45.0,99.0,0.455,12.0,47.0,0.255,13.0,18.0,0.722,16.0,35.0,51.0,24.0,5.0,7.0,11.0,20.0,115.0,9,1,Regular Season
22200853,22022,1610612744,GSW,Golden State Warriors,2023-02-11,GSW vs. LAL,L,240,40.0,96.0,0.417,12.0,44.0,0.273,11.0,12.0,0.917,7.0,36.0,43.0,31.0,11.0,6.0,16.0,21.0,103.0,-6,1,1610612747,LAL,Los Angeles Lakers,LAL @ GSW,W,40.0,89.0,0.449,8.0,25.0,0.32,21.0,26.0,0.808,10.0,42.0,52.0,19.0,4.0,4.0,16.0,12.0,109.0,6,1,Regular Season
22200867,22022,1610612757,POR,Portland Trail Blazers,2023-02-13,POR vs. LAL,W,240,46.0,97.0,0.474,23.0,47.0,0.489,12.0,13.0,0.923,8.0,34.0,42.0,27.0,7.0,9.0,7.0,15.0,127.0,12,1,1610612747,LAL,Los Angeles Lakers,LAL @ POR,L,42.0,95.0,0.442,12.0,37.0,0.324,19.0,21.0,0.905,14.0,42.0,56.0,24.0,6.0,5.0,13.0,16.0,115.0,-12,1,Regular Season
22200882,22022,1610612747,LAL,Los Angeles Lakers,2023-02-15,LAL vs. NOP,W,240,44.0,83.0,0.53,10.0,37.0,0.27,22.0,36.0,0.611,6.0,37.0,43.0,32.0,5.0,8.0,11.0,23.0,120.0,18,1,1610612740,NOP,New Orleans Pelicans,NOP @ LAL,L,39.0,89.0,0.438,7.0,25.0,0.28,17.0,24.0,0.708,13.0,37.0,50.0,24.0,5.0,3.0,15.0,28.0,102.0,-18,1,Regular Season
22200893,22022,1610612747,LAL,Los Angeles Lakers,2023-02-23,LAL vs. GSW,W,240,42.0,86.0,0.488,16.0,30.0,0.533,24.0,34.0,0.706,10.0,48.0,58.0,30.0,8.0,3.0,16.0,20.0,124.0,13,1,1610612744,GSW,Golden State Warriors,GSW @ LAL,L,40.0,105.0,0.381,14.0,49.0,0.286,17.0,21.0,0.81,17.0,31.0,48.0,24.0,10.0,3.0,10.0,23.0,111.0,-13,1,Regular Season
22200913,22022,1610612742,DAL,Dallas Mavericks,2023-02-26,DAL vs. LAL,L,240,39.0,93.0,0.419,20.0,49.0,0.408,10.0,14.0,0.714,11.0,37.0,48.0,21.0,5.0,5.0,17.0,24.0,108.0,-3,1,1610612747,LAL,Los Angeles Lakers,LAL @ DAL,W,42.0,97.0,0.433,6.0,34.0,0.176,21.0,28.0,0.75,17.0,39.0,56.0,25.0,9.0,4.0,11.0,17.0,111.0,3,1,Regular Season
22200927,22022,1610612763,MEM,Memphis Grizzlies,2023-02-28,MEM vs. LAL,W,240,51.0,112.0,0.455,6.0,31.0,0.194,13.0,17.0,0.765,14.0,33.0,47.0,25.0,13.0,6.0,7.0,17.0,121.0,12,1,1610612747,LAL,Los Angeles Lakers,LAL @ MEM,L,38.0,86.0,0.442,13.0,34.0,0.382,20.0,23.0,0.87,14.0,42.0,56.0,22.0,5.0,10.0,26.0,19.0,109.0,-12,1,Regular Season
22200940,22022,1610612760,OKC,Oklahoma City Thunder,2023-03-01,OKC vs. LAL,L,240,44.0,91.0,0.484,11.0,40.0,0.275,18.0,24.0,0.75,12.0,30.0,42.0,29.0,8.0,4.0,13.0,27.0,117.0,-6,1,1610612747,LAL,Los Angeles Lakers,LAL @ OKC,W,38.0,80.0,0.475,16.0,35.0,0.457,31.0,39.0,0.795,10.0,31.0,41.0,22.0,8.0,8.0,13.0,19.0,123.0,6,1,Regular Season
22200955,22022,1610612747,LAL,Los Angeles Lakers,2023-03-03,LAL vs. MIN,L,240,36.0,87.0,0.414,10.0,31.0,0.323,20.0,24.0,0.833,11.0,30.0,41.0,23.0,8.0,2.0,15.0,19.0,102.0,-8,1,1610612750,MIN,Minnesota Timberwolves,MIN @ LAL,W,42.0,89.0,0.472,14.0,34.0,0.412,12.0,16.0,0.75,10.0,36.0,46.0,29.0,10.0,6.0,14.0,21.0,110.0,8,1,Regular Season
22200964,22022,1610612747,LAL,Los Angeles Lakers,2023-03-05,LAL vs. GSW,W,240,42.0,95.0,0.442,11.0,33.0,0.333,18.0,22.0,0.818,10.0,36.0,46.0,29.0,3.0,3.0,9.0,17.0,113.0,8,1,1610612744,GSW,Golden State Warriors,GSW @ LAL,L,36.0,91.0,0.396,18.0,52.0,0.346,15.0,18.0,0.833,7.0,35.0,42.0,27.0,2.0,6.0,13.0,21.0,105.0,-8,1,Regular Season
22200984,22022,1610612747,LAL,Los Angeles Lakers,2023-03-07,LAL vs. MEM,W,240,41.0,90.0,0.456,7.0,28.0,0.25,23.0,29.0,0.793,7.0,50.0,57.0,27.0,4.0,2.0,15.0,18.0,112.0,9,1,1610612763,MEM,Memphis Grizzlies,MEM @ LAL,L,36.0,93.0,0.387,9.0,37.0,0.243,22.0,29.0,0.759,6.0,39.0,45.0,18.0,6.0,6.0,7.0,25.0,103.0,-9,1,Regular Season
22201003,22022,1610612747,LAL,Los Angeles Lakers,2023-03-10,LAL vs. TOR,W,240,45.0,80.0,0.563,13.0,30.0,0.433,19.0,19.0,1.0,5.0,30.0,35.0,28.0,8.0,8.0,21.0,10.0,122.0,10,1,1610612761,TOR,Toronto Raptors,TOR @ LAL,L,46.0,92.0,0.5,10.0,28.0,0.357,10.0,13.0,0.769,10.0,27.0,37.0,29.0,14.0,3.0,13.0,16.0,112.0,-10,1,Regular Season
22201019,22022,1610612747,LAL,Los Angeles Lakers,2023-03-12,LAL vs. NYK,L,240,43.0,89.0,0.483,12.0,36.0,0.333,10.0,17.0,0.588,10.0,27.0,37.0,24.0,6.0,2.0,11.0,17.0,108.0,-4,1,1610612752,NYK,New York Knicks,NYK @ LAL,W,42.0,88.0,0.477,11.0,37.0,0.297,17.0,21.0,0.81,12.0,34.0,46.0,18.0,8.0,3.0,11.0,18.0,112.0,4,1,Regular Season
22201030,22022,1610612740,NOP,New Orleans Pelicans,2023-03-14,NOP vs. LAL,L,240,42.0,98.0,0.429,11.0,43.0,0.256,13.0,20.0,0.65,15.0,26.0,41.0,23.0,9.0,3.0,12.0,24.0,108.0,-15,1,1610612747,LAL,Los Angeles Lakers,LAL @ NOP,W,40.0,82.0,0.488,18.0,39.0,0.462,25.0,28.0,0.893,15.0,37.0,52.0,24.0,8.0,2.0,18.0,16.0,123.0,15,1,Regular Season
22201038,22022,1610612745,HOU,Houston Rockets,2023-03-15,HOU vs. LAL,W,240,47.0,89.0,0.528,8.0,29.0,0.276,12.0,19.0,0.632,16.0,35.0,51.0,22.0,5.0,3.0,18.0,29.0,114.0,4,1,1610612747,LAL,Los Angeles Lakers,LAL @ HOU,L,34.0,90.0,0.378,11.0,44.0,0.25,31.0,37.0,0.838,11.0,25.0,36.0,21.0,7.0,3.0,10.0,17.0,110.0,-4,1,Regular Season
22201054,22022,1610612747,LAL,Los Angeles Lakers,2023-03-17,LAL vs. DAL,L,240,43.0,84.0,0.512,5.0,20.0,0.25,19.0,31.0,0.613,13.0,29.0,42.0,23.0,8.0,3.0,12.0,18.0,110.0,-1,1,1610612742,DAL,Dallas Mavericks,DAL @ LAL,W,40.0,79.0,0.506,16.0,34.0,0.471,15.0,19.0,0.789,7.0,28.0,35.0,27.0,8.0,4.0,15.0,26.0,111.0,1,1,Regular Season
22201070,22022,1610612747,LAL,Los Angeles Lakers,2023-03-19,LAL vs. ORL,W,240,36.0,78.0,0.462,13.0,32.0,0.406,26.0,32.0,0.813,9.0,43.0,52.0,25.0,2.0,9.0,15.0,19.0,111.0,6,1,1610612753,ORL,Orlando Magic,ORL @ LAL,L,41.0,102.0,0.402,10.0,38.0,0.263,13.0,17.0,0.765,13.0,31.0,44.0,24.0,8.0,3.0,8.0,28.0,105.0,-6,1,Regular Season
22201092,22022,1610612747,LAL,Los Angeles Lakers,2023-03-22,LAL vs. PHX,W,240,39.0,70.0,0.557,8.0,17.0,0.471,36.0,46.0,0.783,5.0,31.0,36.0,27.0,7.0,2.0,15.0,20.0,122.0,11,1,1610612756,PHX,Phoenix Suns,PHX @ LAL,L,42.0,90.0,0.467,12.0,31.0,0.387,15.0,20.0,0.75,12.0,27.0,39.0,23.0,7.0,6.0,17.0,31.0,111.0,-11,1,Regular Season
22201106,22022,1610612747,LAL,Los Angeles Lakers,2023-03-24,LAL vs. OKC,W,240,42.0,91.0,0.462,12.0,34.0,0.353,20.0,28.0,0.714,16.0,37.0,53.0,20.0,9.0,4.0,11.0,14.0,116.0,5,1,1610612760,OKC,Oklahoma City Thunder,OKC @ LAL,L,40.0,92.0,0.435,14.0,36.0,0.389,17.0,19.0,0.895,12.0,33.0,45.0,21.0,6.0,5.0,10.0,19.0,111.0,-5,1,Regular Season
22201114,22022,1610612747,LAL,Los Angeles Lakers,2023-03-26,LAL vs. CHI,L,240,38.0,75.0,0.507,13.0,36.0,0.361,19.0,28.0,0.679,8.0,30.0,38.0,24.0,5.0,4.0,18.0,18.0,108.0,-10,1,1610612741,CHI,Chicago Bulls,CHI @ LAL,W,47.0,87.0,0.54,14.0,31.0,0.452,10.0,13.0,0.769,8.0,34.0,42.0,32.0,8.0,2.0,9.0,23.0,118.0,10,1,Regular Season
22201140,22022,1610612741,CHI,Chicago Bulls,2023-03-29,CHI vs. LAL,L,240,45.0,88.0,0.511,9.0,33.0,0.273,11.0,13.0,0.846,6.0,26.0,32.0,31.0,10.0,4.0,14.0,22.0,110.0,-11,1,1610612747,LAL,Los Angeles Lakers,LAL @ CHI,W,45.0,86.0,0.523,7.0,20.0,0.35,24.0,30.0,0.8,13.0,32.0,45.0,22.0,10.0,3.0,16.0,14.0,121.0,11,1,Regular Season
22201157,22022,1610612750,MIN,Minnesota Timberwolves,2023-03-31,MIN vs. LAL,L,240,41.0,95.0,0.432,13.0,39.0,0.333,16.0,19.0,0.842,12.0,27.0,39.0,25.0,10.0,4.0,16.0,22.0,111.0,-12,1,1610612747,LAL,Los Angeles Lakers,LAL @ MIN,W,45.0,90.0,0.5,9.0,22.0,0.409,24.0,30.0,0.8,15.0,38.0,53.0,28.0,10.0,5.0,16.0,17.0,123.0,12,1,Regular Season
22201171,22022,1610612745,HOU,Houston Rockets,2023-04-02,HOU vs. LAL,L,240,44.0,102.0,0.431,13.0,34.0,0.382,8.0,10.0,0.8,16.0,28.0,44.0,23.0,4.0,4.0,10.0,18.0,109.0,-25,1,1610612747,LAL,Los Angeles Lakers,LAL @ HOU,W,52.0,93.0,0.559,9.0,30.0,0.3,21.0,28.0,0.75,11.0,40.0,51.0,36.0,4.0,8.0,6.0,9.0,134.0,25,1,Regular Season
22201186,22022,1610612762,UTA,Utah Jazz,2023-04-04,UTA vs. LAL,L,265,47.0,90.0,0.522,15.0,33.0,0.455,24.0,31.0,0.774,6.0,35.0,41.0,29.0,4.0,3.0,14.0,28.0,133.0,-2,1,1610612747,LAL,Los Angeles Lakers,LAL @ UTA,W,48.0,96.0,0.5,12.0,34.0,0.353,27.0,35.0,0.771,11.0,33.0,44.0,27.0,6.0,7.0,12.0,21.0,135.0,2,1,Regular Season
22201196,22022,1610612746,LAC,LA Clippers,2023-04-05,LAC vs. LAL,W,240,43.0,82.0,0.524,16.0,36.0,0.444,23.0,27.0,0.852,5.0,33.0,38.0,23.0,9.0,4.0,13.0,18.0,125.0,7,1,1610612747,LAL,Los Angeles Lakers,LAL @ LAC,L,45.0,89.0,0.506,12.0,29.0,0.414,16.0,24.0,0.667,10.0,34.0,44.0,27.0,4.0,3.0,14.0,17.0,118.0,-7,1,Regular Season
22201212,22022,1610612747,LAL,Los Angeles Lakers,2023-04-07,LAL vs. PHX,W,240,45.0,92.0,0.489,18.0,36.0,0.5,13.0,17.0,0.765,10.0,44.0,54.0,25.0,6.0,6.0,16.0,12.0,121.0,14,1,1610612756,PHX,Phoenix Suns,PHX @ LAL,L,43.0,104.0,0.413,9.0,36.0,0.25,12.0,14.0,0.857,13.0,34.0,47.0,23.0,7.0,10.0,9.0,12.0,107.0,-14,1,Regular Season
22201228,22022,1610612747,LAL,Los Angeles Lakers,2023-04-09,LAL vs. UTA,W,240,47.0,97.0,0.485,18.0,45.0,0.4,16.0,21.0,0.762,10.0,39.0,49.0,28.0,4.0,7.0,11.0,9.0,128.0,11,1,1610612762,UTA,Utah Jazz,UTA @ LAL,L,51.0,101.0,0.505,10.0,35.0,0.286,5.0,6.0,0.833,7.0,38.0,45.0,31.0,4.0,4.0,11.0,16.0,117.0,-11,1,Regular Season
12200012,12022,1610612747,LAL,Los Angeles Lakers,2022-10-03,LAL vs. SAC,L,240,24.0,77.0,0.312,7.0,30.0,0.233,20.0,32.0,0.625,8.0,41.0,49.0,17.0,4.0,8.0,23.0,20.0,75.0,-30,1,1610612758,SAC,Sacramento Kings,SAC @ LAL,W,42.0,103.0,0.408,9.0,39.0,0.231,12.0,19.0,0.632,15.0,39.0,54.0,25.0,14.0,8.0,7.0,25.0,105.0,30,1,Pre Season
12200022,12022,1610612747,LAL,Los Angeles Lakers,2022-10-05,LAL vs. PHX,L,240,35.0,82.0,0.427,13.0,41.0,0.317,32.0,44.0,0.727,6.0,41.0,47.0,26.0,8.0,7.0,17.0,25.0,115.0,-4,1,1610612756,PHX,Phoenix Suns,PHX @ LAL,W,39.0,105.0,0.371,13.0,41.0,0.317,28.0,33.0,0.848,16.0,39.0,55.0,21.0,10.0,5.0,11.0,30.0,119.0,4,1,Pre Season
12200028,12022,1610612747,LAL,Los Angeles Lakers,2022-10-06,LAL vs. MIN,L,240,33.0,97.0,0.34,11.0,49.0,0.224,22.0,30.0,0.733,15.0,39.0,54.0,23.0,7.0,8.0,18.0,22.0,99.0,-15,1,1610612750,MIN,Minnesota Timberwolves,MIN @ LAL,W,42.0,95.0,0.442,10.0,32.0,0.313,20.0,26.0,0.769,9.0,50.0,59.0,29.0,11.0,6.0,16.0,31.0,114.0,15,1,Pre Season
12200040,12022,1610612744,GSW,Golden State Warriors,2022-10-09,GSW vs. LAL,L,240,42.0,88.0,0.477,13.0,39.0,0.333,24.0,34.0,0.706,11.0,34.0,45.0,22.0,10.0,3.0,19.0,22.0,121.0,-3,1,1610612747,LAL,Los Angeles Lakers,LAL @ GSW,W,45.0,90.0,0.5,17.0,39.0,0.436,17.0,18.0,0.944,8.0,30.0,38.0,24.0,6.0,5.0,17.0,26.0,124.0,3,1,Pre Season
12200057,12022,1610612747,LAL,Los Angeles Lakers,2022-10-12,LAL vs. MIN,L,240,37.0,83.0,0.446,10.0,39.0,0.256,29.0,37.0,0.784,4.0,48.0,52.0,26.0,7.0,5.0,20.0,23.0,113.0,-5,1,1610612750,MIN,Minnesota Timberwolves,MIN @ LAL,W,41.0,97.0,0.423,14.0,39.0,0.359,22.0,30.0,0.733,9.0,43.0,52.0,29.0,10.0,4.0,12.0,25.0,118.0,5,1,Pre Season
12200070,12022,1610612758,SAC,Sacramento Kings,2022-10-14,SAC vs. LAL,W,240,46.0,94.0,0.489,20.0,41.0,0.488,21.0,29.0,0.724,14.0,41.0,55.0,30.0,11.0,1.0,17.0,26.0,133.0,47,1,1610612747,LAL,Los Angeles Lakers,LAL @ SAC,L,29.0,81.0,0.358,8.0,33.0,0.242,20.0,31.0,0.645,6.0,31.0,37.0,18.0,8.0,4.0,23.0,26.0,86.0,-47,1,Pre Season
42200151,42022,1610612763,MEM,Memphis Grizzlies,2023-04-16,MEM vs. LAL,L,240,42.0,89.0,0.472,13.0,36.0,0.361,15.0,16.0,0.938,6.0,28.0,34.0,24.0,6.0,2.0,12.0,19.0,112.0,-16,1,1610612747,LAL,Los Angeles Lakers,LAL @ MEM,W,49.0,92.0,0.533,16.0,37.0,0.432,14.0,16.0,0.875,10.0,35.0,45.0,25.0,7.0,11.0,16.0,18.0,128.0,16,1,Playoffs
42200152,42022,1610612763,MEM,Memphis Grizzlies,2023-04-19,MEM vs. LAL,W,240,38.0,89.0,0.427,11.0,36.0,0.306,16.0,21.0,0.762,11.0,38.0,49.0,24.0,4.0,6.0,10.0,20.0,103.0,10,1,1610612747,LAL,Los Angeles Lakers,LAL @ MEM,L,35.0,85.0,0.412,7.0,26.0,0.269,16.0,21.0,0.762,11.0,36.0,47.0,21.0,5.0,7.0,13.0,19.0,93.0,-10,1,Playoffs
42200153,42022,1610612747,LAL,Los Angeles Lakers,2023-04-22,LAL vs. MEM,W,240,41.0,90.0,0.456,7.0,28.0,0.25,22.0,27.0,0.815,11.0,37.0,48.0,19.0,11.0,8.0,16.0,18.0,111.0,10,1,1610612763,MEM,Memphis Grizzlies,MEM @ LAL,L,35.0,93.0,0.376,13.0,39.0,0.333,18.0,20.0,0.9,18.0,32.0,50.0,23.0,7.0,2.0,18.0,22.0,101.0,-10,1,Playoffs
42200154,42022,1610612747,LAL,Los Angeles Lakers,2023-04-24,LAL vs. MEM,W,265,41.0,94.0,0.436,10.0,36.0,0.278,25.0,31.0,0.806,13.0,39.0,52.0,22.0,5.0,11.0,15.0,17.0,117.0,6,1,1610612763,MEM,Memphis Grizzlies,MEM @ LAL,L,42.0,106.0,0.396,9.0,42.0,0.214,18.0,21.0,0.857,16.0,33.0,49.0,26.0,7.0,7.0,13.0,26.0,111.0,-6,1,Playoffs
42200155,42022,1610612763,MEM,Memphis Grizzlies,2023-04-26,MEM vs. LAL,W,240,44.0,99.0,0.444,14.0,40.0,0.35,14.0,17.0,0.824,14.0,38.0,52.0,24.0,6.0,2.0,11.0,19.0,116.0,17,1,1610612747,LAL,Los Angeles Lakers,LAL @ MEM,L,37.0,92.0,0.402,10.0,39.0,0.256,15.0,20.0,0.75,14.0,40.0,54.0,28.0,8.0,3.0,13.0,17.0,99.0,-17,1,Playoffs
42200156,42022,1610612747,LAL,Los Angeles Lakers,2023-04-28,LAL vs. MEM,W,240,49.0,91.0,0.538,15.0,44.0,0.341,12.0,15.0,0.8,9.0,43.0,52.0,33.0,6.0,15.0,16.0,16.0,125.0,40,1,1610612763,MEM,Memphis Grizzlies,MEM @ LAL,L,29.0,96.0,0.302,12.0,38.0,0.316,15.0,20.0,0.75,14.0,31.0,45.0,19.0,10.0,2.0,14.0,17.0,85.0,-40,1,Playoffs
42200231,42022,1610612744,GSW,Golden State Warriors,2023-05-02,GSW vs. LAL,L,240,43.0,106.0,0.406,21.0,53.0,0.396,5.0,6.0,0.833,14.0,35.0,49.0,30.0,5.0,3.0,8.0,24.0,112.0,-5,1,1610612747,LAL,Los Angeles Lakers,LAL @ GSW,W,43.0,92.0,0.467,6.0,25.0,0.24,25.0,29.0,0.862,13.0,40.0,53.0,24.0,4.0,10.0,8.0,12.0,117.0,5,1,Playoffs
42200232,42022,1610612744,GSW,Golden State Warriors,2023-05-04,GSW vs. LAL,W,240,48.0,95.0,0.505,21.0,42.0,0.5,10.0,16.0,0.625,13.0,42.0,55.0,38.0,2.0,3.0,16.0,23.0,127.0,27,1,1610612747,LAL,Los Angeles Lakers,LAL @ GSW,L,40.0,94.0,0.426,10.0,34.0,0.294,10.0,17.0,0.588,9.0,31.0,40.0,27.0,9.0,3.0,9.0,15.0,100.0,-27,1,Playoffs
42200233,42022,1610612747,LAL,Los Angeles Lakers,2023-05-06,LAL vs. GSW,W,240,42.0,80.0,0.525,15.0,31.0,0.484,28.0,37.0,0.757,6.0,38.0,44.0,27.0,10.0,6.0,13.0,21.0,127.0,30,1,1610612744,GSW,Golden State Warriors,GSW @ LAL,L,36.0,91.0,0.396,13.0,44.0,0.295,12.0,17.0,0.706,14.0,28.0,42.0,26.0,5.0,6.0,19.0,22.0,97.0,-30,1,Playoffs
42200234,42022,1610612747,LAL,Los Angeles Lakers,2023-05-08,LAL vs. GSW,W,240,39.0,86.0,0.453,6.0,25.0,0.24,20.0,20.0,1.0,8.0,34.0,42.0,21.0,8.0,1.0,14.0,15.0,104.0,3,1,1610612744,GSW,Golden State Warriors,GSW @ LAL,L,40.0,86.0,0.465,12.0,41.0,0.293,9.0,12.0,0.75,9.0,31.0,40.0,29.0,9.0,2.0,16.0,22.0,101.0,-3,1,Playoffs
42200235,42022,1610612744,GSW,Golden State Warriors,2023-05-10,GSW vs. LAL,W,240,47.0,92.0,0.511,13.0,35.0,0.371,14.0,15.0,0.933,9.0,39.0,48.0,29.0,8.0,5.0,16.0,18.0,121.0,15,1,1610612747,LAL,Los Angeles Lakers,LAL @ GSW,L,42.0,87.0,0.483,10.0,27.0,0.37,12.0,15.0,0.8,7.0,31.0,38.0,24.0,6.0,4.0,14.0,17.0,106.0,-15,1,Playoffs
42200236,42022,1610612747,LAL,Los Angeles Lakers,2023-05-12,LAL vs. GSW,W,240,39.0,75.0,0.52,13.0,26.0,0.5,31.0,42.0,0.738,6.0,40.0,46.0,25.0,6.0,6.0,7.0,17.0,122.0,21,1,1610612744,GSW,Golden State Warriors,GSW @ LAL,L,39.0,103.0,0.379,13.0,48.0,0.271,10.0,14.0,0.714,20.0,33.0,53.0,25.0,3.0,2.0,11.0,30.0,101.0,-21,1,Playoffs
42200311,42022,1610612743,DEN,Denver Nuggets,2023-05-16,DEN vs. LAL,W,240,50.0,91.0,0.549,15.0,32.0,0.469,17.0,22.0,0.773,15.0,32.0,47.0,29.0,5.0,7.0,11.0,21.0,132.0,6,1,1610612747,LAL,Los Angeles Lakers,LAL @ DEN,L,46.0,84.0,0.548,11.0,24.0,0.458,23.0,26.0,0.885,5.0,25.0,30.0,30.0,6.0,4.0,7.0,21.0,126.0,-6,1,Playoffs
42200312,42022,1610612743,DEN,Denver Nuggets,2023-05-18,DEN vs. LAL,W,240,39.0,89.0,0.438,14.0,38.0,0.368,16.0,18.0,0.889,11.0,38.0,49.0,27.0,8.0,2.0,17.0,18.0,108.0,5,1,1610612747,LAL,Los Angeles Lakers,LAL @ DEN,L,36.0,82.0,0.439,8.0,30.0,0.267,23.0,26.0,0.885,4.0,36.0,40.0,26.0,10.0,7.0,12.0,19.0,103.0,-5,1,Playoffs
42200313,42022,1610612747,LAL,Los Angeles Lakers,2023-05-20,LAL vs. DEN,L,240,38.0,84.0,0.452,10.0,32.0,0.313,22.0,29.0,0.759,11.0,34.0,45.0,27.0,3.0,2.0,12.0,18.0,108.0,-11,1,1610612743,DEN,Denver Nuggets,DEN @ LAL,W,44.0,88.0,0.5,17.0,41.0,0.415,14.0,19.0,0.737,5.0,34.0,39.0,30.0,7.0,1.0,6.0,19.0,119.0,11,1,Playoffs
42200314,42022,1610612747,LAL,Los Angeles Lakers,2023-05-22,LAL vs. DEN,L,240,40.0,86.0,0.465,8.0,20.0,0.4,23.0,26.0,0.885,8.0,30.0,38.0,20.0,5.0,4.0,6.0,19.0,111.0,-2,1,1610612743,DEN,Denver Nuggets,DEN @ LAL,W,41.0,85.0,0.482,12.0,33.0,0.364,19.0,22.0,0.864,11.0,29.0,40.0,25.0,3.0,9.0,11.0,20.0,113.0,2,1,Playoffs
