game_date_est,game_sequence,game_id,team_id_home,team_wins_losses_home,pts_qtr1_home,pts_qtr2_home,pts_qtr3_home,pts_qtr4_home,pts_ot1_home,pts_ot2_home,pts_ot3_home,pts_ot4_home,pts_ot5_home,pts_ot6_home,pts_ot7_home,pts_ot8_home,pts_ot9_home,pts_ot10_home,pts_home,team_id_away,team_wins_losses_away,pts_qtr1_away,pts_qtr2_away,pts_qtr3_away,pts_qtr4_away,pts_ot1_away,pts_ot2_away,pts_ot3_away,pts_ot4_away,pts_ot5_away,pts_ot6_away,pts_ot7_away,pts_ot8_away,pts_ot9_away,pts_ot10_away,pts_away
2020-10-02,1.0,41900402,1610612748,0-2,23.0,31.0,39.0,21.0,0.0,0.0,0.0,0.0,0.0,0.0,0.0,0.0,0.0,0.0,114.0,1610612747,2-0,29.0,39.0,35.0,21.0,0.0,0.0,0.0,0.0,0.0,0.0,0.0,0.0,0.0,0.0,124.0
2020-10-04,1.0,41900403,1610612747,2-1,23.0,31.0,26.0,24.0,0.0,0.0,0.0,0.0,0.0,0.0,0.0,0.0,0.0,0.0,104.0,1610612748,1-2,26.0,32.0,27.0,30.0,0.0,0.0,0.0,0.0,0.0,0.0,0.0,0.0,0.0,0.0,115.0
2020-10-06,1.0,41900404,1610612747,3-1,27.0,22.0,26.0,27.0,0.0,0.0,0.0,0.0,0.0,0.0,0.0,0.0,0.0,0.0,102.0,1610612748,1-3,22.0,25.0,23.0,26.0,0.0,0.0,0.0,0.0,0.0,0.0,0.0,0.0,0.0,0.0,96.0
2020-10-09,1.0,41900405,1610612748,2-3,25.0,35.0,28.0,23.0,0.0,0.0,0.0,0.0,0.0,0.0,0.0,0.0,0.0,0.0,111.0,1610612747,3-2,24.0,32.0,26.0,26.0,0.0,0.0,0.0,0.0,0.0,0.0,0.0,0.0,0.0,0.0,108.0
2020-10-11,1.0,41900406,1610612748,2-4,20.0,16.0,22.0,35.0,0.0,0.0,0.0,0.0,0.0,0.0,0.0,0.0,0.0,0.0,93.0,1610612747,4-2,28.0,36.0,23.0,19.0,0.0,0.0,0.0,0.0,0.0,0.0,0.0,0.0,0.0,0.0,106.0
2020-12-22,2.0,22000002,1610612747,0-1,19.0,35.0,24.0,31.0,0.0,0.0,0.0,0.0,0.0,0.0,0.0,0.0,0.0,0.0,109.0,1610612746,1-0,39.0,17.0,33.0,27.0,0.0,0.0,0.0,0.0,0.0,0.0,0.0,0.0,0.0,0.0,116.0
2020-12-25,4.0,22000008,1610612747,1-1,33.0,36.0,30.0,39.0,0.0,0.0,0.0,0.0,0.0,0.0,0.0,0.0,0.0,0.0,138.0,1610612742,0-2,30.0,27.0,28.0,30.0,0.0,0.0,0.0,0.0,0.0,0.0,0.0,0.0,0.0,0.0,115.0
2020-12-27,10.0,22000040,1610612747,2-1,40.0,27.0,36.0,24.0,0.0,0.0,0.0,0.0,0.0,0.0,0.0,0.0,0.0,0.0,127.0,1610612750,2-1,23.0,22.0,22.0,24.0,0.0,0.0,0.0,0.0,0.0,0.0,0.0,0.0,0.0,0.0,91.0
2020-12-28,5.0,22000045,1610612757,2-1,22.0,36.0,26.0,31.0,0.0,0.0,0.0,0.0,0.0,0.0,0.0,0.0,0.0,0.0,115.0,1610612747,2-2,30.0,24.0,31.0,22.0,0.0,0.0,0.0,0.0,0.0,0.0,0.0,0.0,0.0,0.0,107.0
2020-12-30,5.0,22000060,1610612759,2-2,27.0,26.0,29.0,25.0,0.0,0.0,0.0,0.0,0.0,0.0,0.0,0.0,0.0,0.0,107.0,1610612747,3-2,35.0,28.0,29.0,29.0,0.0,0.0,0.0,0.0,0.0,0.0,0.0,0.0,0.0,0.0,121.0
2021-01-01,7.0,22000075,1610612759,2-3,31.0,26.0,28.0,18.0,0.0,0.0,0.0,0.0,0.0,0.0,0.0,0.0,0.0,0.0,103.0,1610612747,4-2,25.0,33.0,23.0,28.0,0.0,0.0,0.0,0.0,0.0,0.0,0.0,0.0,0.0,0.0,109.0
2021-01-03,3.0,22000087,1610612747,5-2,25.0,31.0,21.0,31.0,0.0,0.0,0.0,0.0,0.0,0.0,0.0,0.0,0.0,0.0,108.0,1610612763,2-4,36.0,18.0,21.0,19.0,0.0,0.0,0.0,0.0,0.0,0.0,0.0,0.0,0.0,0.0,94.0
2021-01-05,2.0,22000103,1610612747,6-2,19.0,26.0,22.0,27.0,0.0,0.0,0.0,0.0,0.0,0.0,0.0,0.0,0.0,0.0,94.0,1610612763,2-5,24.0,25.0,19.0,24.0,0.0,0.0,0.0,0.0,0.0,0.0,0.0,0.0,0.0,0.0,92.0
2021-01-07,4.0,22000121,1610612759,4-4,34.0,31.0,26.0,27.0,0.0,0.0,0.0,0.0,0.0,0.0,0.0,0.0,0.0,0.0,118.0,1610612747,6-3,26.0,30.0,33.0,20.0,0.0,0.0,0.0,0.0,0.0,0.0,0.0,0.0,0.0,0.0,109.0
2021-01-10,6.0,22000146,1610612745,3-5,21.0,25.0,29.0,27.0,0.0,0.0,0.0,0.0,0.0,0.0,0.0,0.0,0.0,0.0,102.0,1610612747,8-3,25.0,40.0,23.0,32.0,0.0,0.0,0.0,0.0,0.0,0.0,0.0,0.0,0.0,0.0,120.0
2021-01-12,5.0,22000161,1610612747,9-3,35.0,36.0,26.0,20.0,0.0,0.0,0.0,0.0,0.0,0.0,0.0,0.0,0.0,0.0,117.0,1610612745,3-6,14.0,34.0,23.0,29.0,0.0,0.0,0.0,0.0,0.0,0.0,0.0,0.0,0.0,0.0,100.0
2021-01-13,7.0,22000170,1610612760,5-6,21.0,25.0,25.0,28.0,0.0,0.0,0.0,0.0,0.0,0.0,0.0,0.0,0.0,0.0,99.0,1610612747,10-3,30.0,28.0,35.0,35.0,0.0,0.0,0.0,0.0,0.0,0.0,0.0,0.0,0.0,0.0,128.0
2021-01-15,9.0,22000187,1610612740,4-7,28.0,30.0,16.0,21.0,0.0,0.0,0.0,0.0,0.0,0.0,0.0,0.0,0.0,0.0,95.0,1610612747,11-3,20.0,37.0,27.0,28.0,0.0,0.0,0.0,0.0,0.0,0.0,0.0,0.0,0.0,0.0,112.0
2021-01-23,5.0,22000245,1610612741,7-9,17.0,16.0,33.0,24.0,0.0,0.0,0.0,0.0,0.0,0.0,0.0,0.0,0.0,0.0,90.0,1610612747,13-4,29.0,34.0,20.0,18.0,0.0,0.0,0.0,0.0,0.0,0.0,0.0,0.0,0.0,0.0,101.0
2021-01-25,5.0,22000261,1610612747,14-4,34.0,31.0,22.0,28.0,0.0,0.0,0.0,0.0,0.0,0.0,0.0,0.0,0.0,0.0,115.0,1610612739,8-9,23.0,35.0,31.0,19.0,0.0,0.0,0.0,0.0,0.0,0.0,0.0,0.0,0.0,0.0,108.0
2021-01-27,6.0,22000276,1610612747,14-5,24.0,27.0,23.0,32.0,0.0,0.0,0.0,0.0,0.0,0.0,0.0,0.0,0.0,0.0,106.0,1610612755,13-6,34.0,21.0,26.0,26.0,0.0,0.0,0.0,0.0,0.0,0.0,0.0,0.0,0.0,0.0,107.0
2021-01-28,2.0,22000284,1610612765,5-14,34.0,22.0,26.0,25.0,0.0,0.0,0.0,0.0,0.0,0.0,0.0,0.0,0.0,0.0,107.0,1610612747,14-6,31.0,27.0,20.0,14.0,0.0,0.0,0.0,0.0,0.0,0.0,0.0,0.0,0.0,0.0,92.0
2021-01-30,5.0,22000302,1610612738,10-8,24.0,25.0,29.0,17.0,0.0,0.0,0.0,0.0,0.0,0.0,0.0,0.0,0.0,0.0,95.0,1610612747,15-6,28.0,24.0,19.0,25.0,0.0,0.0,0.0,0.0,0.0,0.0,0.0,0.0,0.0,0.0,96.0
2021-02-01,1.0,22000313,1610612737,10-10,25.0,21.0,30.0,23.0,0.0,0.0,0.0,0.0,0.0,0.0,0.0,0.0,0.0,0.0,99.0,1610612747,16-6,28.0,22.0,25.0,32.0,0.0,0.0,0.0,0.0,0.0,0.0,0.0,0.0,0.0,0.0,107.0
2021-02-04,5.0,22000341,1610612747,17-6,27.0,19.0,37.0,31.0,0.0,0.0,0.0,0.0,0.0,0.0,0.0,0.0,0.0,0.0,114.0,1610612743,12-9,30.0,28.0,17.0,18.0,0.0,0.0,0.0,0.0,0.0,0.0,0.0,0.0,0.0,0.0,93.0
2021-02-06,11.0,22000361,1610612747,18-6,27.0,36.0,25.0,18.0,12.0,17.0,0.0,0.0,0.0,0.0,0.0,0.0,0.0,0.0,135.0,1610612765,5-18,29.0,25.0,24.0,28.0,12.0,11.0,0.0,0.0,0.0,0.0,0.0,0.0,0.0,0.0,129.0
2021-02-10,9.0,22000390,1610612747,20-6,23.0,34.0,23.0,25.0,9.0,0.0,0.0,0.0,0.0,0.0,0.0,0.0,0.0,0.0,114.0,1610612760,10-14,37.0,30.0,17.0,21.0,8.0,0.0,0.0,0.0,0.0,0.0,0.0,0.0,0.0,0.0,113.0
2021-02-12,9.0,22000403,1610612763,10-11,31.0,28.0,23.0,23.0,0.0,0.0,0.0,0.0,0.0,0.0,0.0,0.0,0.0,0.0,105.0,1610612747,21-6,16.0,30.0,41.0,28.0,0.0,0.0,0.0,0.0,0.0,0.0,0.0,0.0,0.0,0.0,115.0
2021-02-14,8.0,22000416,1610612743,15-11,33.0,40.0,30.0,19.0,0.0,0.0,0.0,0.0,0.0,0.0,0.0,0.0,0.0,0.0,122.0,1610612747,21-7,33.0,28.0,24.0,20.0,0.0,0.0,0.0,0.0,0.0,0.0,0.0,0.0,0.0,0.0,105.0
2021-02-16,5.0,22000431,1610612747,22-7,30.0,27.0,29.0,26.0,0.0,0.0,0.0,0.0,0.0,0.0,0.0,0.0,0.0,0.0,112.0,1610612750,7-21,27.0,29.0,28.0,20.0,0.0,0.0,0.0,0.0,0.0,0.0,0.0,0.0,0.0,0.0,104.0
2021-02-18,2.0,22000446,1610612747,22-8,24.0,29.0,21.0,24.0,0.0,0.0,0.0,0.0,0.0,0.0,0.0,0.0,0.0,0.0,98.0,1610612751,19-12,31.0,33.0,26.0,19.0,0.0,0.0,0.0,0.0,0.0,0.0,0.0,0.0,0.0,0.0,109.0
2021-02-20,4.0,22000463,1610612748,13-17,36.0,23.0,22.0,15.0,0.0,0.0,0.0,0.0,0.0,0.0,0.0,0.0,0.0,0.0,96.0,1610612747,22-9,23.0,29.0,25.0,17.0,0.0,0.0,0.0,0.0,0.0,0.0,0.0,0.0,0.0,0.0,94.0
2021-02-22,7.0,22000479,1610612747,22-10,33.0,30.0,23.0,29.0,9.0,0.0,0.0,0.0,0.0,0.0,0.0,0.0,0.0,0.0,124.0,1610612764,11-17,23.0,26.0,31.0,35.0,12.0,0.0,0.0,0.0,0.0,0.0,0.0,0.0,0.0,0.0,127.0
2021-02-24,9.0,22000497,1610612747,22-11,23.0,24.0,17.0,25.0,0.0,0.0,0.0,0.0,0.0,0.0,0.0,0.0,0.0,0.0,89.0,1610612762,26-6,24.0,39.0,27.0,24.0,0.0,0.0,0.0,0.0,0.0,0.0,0.0,0.0,0.0,0.0,114.0
2021-02-26,9.0,22000512,1610612747,23-11,24.0,30.0,31.0,17.0,0.0,0.0,0.0,0.0,0.0,0.0,0.0,0.0,0.0,0.0,102.0,1610612757,18-14,29.0,28.0,19.0,17.0,0.0,0.0,0.0,0.0,0.0,0.0,0.0,0.0,0.0,0.0,93.0
2021-02-28,7.0,22000527,1610612744,19-16,21.0,23.0,25.0,22.0,0.0,0.0,0.0,0.0,0.0,0.0,0.0,0.0,0.0,0.0,91.0,1610612747,24-11,41.0,32.0,26.0,18.0,0.0,0.0,0.0,0.0,0.0,0.0,0.0,0.0,0.0,0.0,117.0
2021-03-02,6.0,22000542,1610612756,23-11,29.0,31.0,26.0,28.0,0.0,0.0,0.0,0.0,0.0,0.0,0.0,0.0,0.0,0.0,114.0,1610612747,24-12,21.0,32.0,30.0,21.0,0.0,0.0,0.0,0.0,0.0,0.0,0.0,0.0,0.0,0.0,104.0
2021-03-03,10.0,22000551,1610612758,14-21,23.0,40.0,24.0,36.0,0.0,0.0,0.0,0.0,0.0,0.0,0.0,0.0,0.0,0.0,123.0,1610612747,24-13,31.0,30.0,27.0,32.0,0.0,0.0,0.0,0.0,0.0,0.0,0.0,0.0,0.0,0.0,120.0
2021-03-12,7.0,22000585,1610612747,25-13,20.0,26.0,25.0,34.0,0.0,0.0,0.0,0.0,0.0,0.0,0.0,0.0,0.0,0.0,105.0,1610612754,16-20,28.0,26.0,25.0,21.0,0.0,0.0,0.0,0.0,0.0,0.0,0.0,0.0,0.0,0.0,100.0
2021-03-15,8.0,22000608,1610612747,26-13,29.0,36.0,28.0,35.0,0.0,0.0,0.0,0.0,0.0,0.0,0.0,0.0,0.0,0.0,128.0,1610612744,20-20,26.0,24.0,23.0,24.0,0.0,0.0,0.0,0.0,0.0,0.0,0.0,0.0,0.0,0.0,97.0
2021-03-16,7.0,22000615,1610612747,27-13,31.0,40.0,31.0,35.0,0.0,0.0,0.0,0.0,0.0,0.0,0.0,0.0,0.0,0.0,137.0,1610612750,9-31,30.0,40.0,24.0,27.0,0.0,0.0,0.0,0.0,0.0,0.0,0.0,0.0,0.0,0.0,121.0
2021-03-18,6.0,22000630,1610612747,28-13,31.0,29.0,23.0,33.0,0.0,0.0,0.0,0.0,0.0,0.0,0.0,0.0,0.0,0.0,116.0,1610612766,20-20,24.0,21.0,34.0,26.0,0.0,0.0,0.0,0.0,0.0,0.0,0.0,0.0,0.0,0.0,105.0
2021-03-20,1.0,22000640,1610612747,28-14,25.0,28.0,12.0,29.0,0.0,0.0,0.0,0.0,0.0,0.0,0.0,0.0,0.0,0.0,94.0,1610612737,22-20,28.0,24.0,22.0,25.0,0.0,0.0,0.0,0.0,0.0,0.0,0.0,0.0,0.0,0.0,99.0
2021-03-21,9.0,22000651,1610612756,28-13,31.0,28.0,29.0,23.0,0.0,0.0,0.0,0.0,0.0,0.0,0.0,0.0,0.0,0.0,111.0,1610612747,28-15,26.0,18.0,32.0,18.0,0.0,0.0,0.0,0.0,0.0,0.0,0.0,0.0,0.0,0.0,94.0
2021-03-23,3.0,22000663,1610612740,19-24,32.0,27.0,43.0,26.0,0.0,0.0,0.0,0.0,0.0,0.0,0.0,0.0,0.0,0.0,128.0,1610612747,28-16,29.0,17.0,30.0,35.0,0.0,0.0,0.0,0.0,0.0,0.0,0.0,0.0,0.0,0.0,111.0
2021-03-25,4.0,22000681,1610612755,32-13,27.0,27.0,35.0,20.0,0.0,0.0,0.0,0.0,0.0,0.0,0.0,0.0,0.0,0.0,109.0,1610612747,28-17,24.0,30.0,17.0,30.0,0.0,0.0,0.0,0.0,0.0,0.0,0.0,0.0,0.0,0.0,101.0
2021-03-26,11.0,22000693,1610612739,17-28,24.0,27.0,10.0,25.0,0.0,0.0,0.0,0.0,0.0,0.0,0.0,0.0,0.0,0.0,86.0,1610612747,29-17,22.0,22.0,28.0,28.0,0.0,0.0,0.0,0.0,0.0,0.0,0.0,0.0,0.0,0.0,100.0
2021-03-28,4.0,22000706,1610612747,30-17,22.0,22.0,25.0,27.0,0.0,0.0,0.0,0.0,0.0,0.0,0.0,0.0,0.0,0.0,96.0,1610612753,15-31,21.0,18.0,30.0,24.0,0.0,0.0,0.0,0.0,0.0,0.0,0.0,0.0,0.0,0.0,93.0
2021-03-31,9.0,22000729,1610612749,30-17,24.0,33.0,32.0,23.0,0.0,0.0,0.0,0.0,0.0,0.0,0.0,0.0,0.0,0.0,112.0,1610612747,30-18,30.0,19.0,26.0,22.0,0.0,0.0,0.0,0.0,0.0,0.0,0.0,0.0,0.0,0.0,97.0
2021-04-02,10.0,22000746,1610612758,22-27,27.0,26.0,23.0,18.0,0.0,0.0,0.0,0.0,0.0,0.0,0.0,0.0,0.0,0.0,94.0,1610612747,31-18,29.0,36.0,26.0,24.0,0.0,0.0,0.0,0.0,0.0,0.0,0.0,0.0,0.0,0.0,115.0
2021-04-04,2.0,22000756,1610612747,31-19,20.0,18.0,17.0,31.0,0.0,0.0,0.0,0.0,0.0,0.0,0.0,0.0,0.0,0.0,86.0,1610612746,33-18,27.0,26.0,24.0,27.0,0.0,0.0,0.0,0.0,0.0,0.0,0.0,0.0,0.0,0.0,104.0
2021-04-06,4.0,22000772,1610612761,20-31,28.0,14.0,28.0,31.0,0.0,0.0,0.0,0.0,0.0,0.0,0.0,0.0,0.0,0.0,101.0,1610612747,32-19,40.0,28.0,22.0,20.0,0.0,0.0,0.0,0.0,0.0,0.0,0.0,0.0,0.0,0.0,110.0
2021-04-08,2.0,22000784,1610612748,27-25,32.0,22.0,29.0,27.0,0.0,0.0,0.0,0.0,0.0,0.0,0.0,0.0,0.0,0.0,110.0,1610612747,32-20,27.0,29.0,24.0,24.0,0.0,0.0,0.0,0.0,0.0,0.0,0.0,0.0,0.0,0.0,104.0
2021-04-10,2.0,22000800,1610612751,36-17,25.0,33.0,19.0,24.0,0.0,0.0,0.0,0.0,0.0,0.0,0.0,0.0,0.0,0.0,101.0,1610612747,33-20,33.0,28.0,31.0,34.0,0.0,0.0,0.0,0.0,0.0,0.0,0.0,0.0,0.0,0.0,126.0
2021-04-12,1.0,22000815,1610612752,28-27,26.0,29.0,26.0,30.0,0.0,0.0,0.0,0.0,0.0,0.0,0.0,0.0,0.0,0.0,111.0,1610612747,33-21,28.0,24.0,16.0,28.0,0.0,0.0,0.0,0.0,0.0,0.0,0.0,0.0,0.0,0.0,96.0
2021-04-13,4.0,22000825,1610612766,27-26,22.0,28.0,16.0,27.0,0.0,0.0,0.0,0.0,0.0,0.0,0.0,0.0,0.0,0.0,93.0,1610612747,34-21,25.0,27.0,24.0,25.0,0.0,0.0,0.0,0.0,0.0,0.0,0.0,0.0,0.0,0.0,101.0
2021-04-15,3.0,22000842,1610612747,34-22,23.0,25.0,31.0,34.0,0.0,0.0,0.0,0.0,0.0,0.0,0.0,0.0,0.0,0.0,113.0,1610612738,30-26,31.0,30.0,30.0,30.0,0.0,0.0,0.0,0.0,0.0,0.0,0.0,0.0,0.0,0.0,121.0
2021-04-17,1.0,22000855,1610612747,35-22,34.0,31.0,29.0,16.0,17.0,0.0,0.0,0.0,0.0,0.0,0.0,0.0,0.0,0.0,127.0,1610612762,42-15,35.0,27.0,20.0,28.0,5.0,0.0,0.0,0.0,0.0,0.0,0.0,0.0,0.0,0.0,115.0
2021-04-19,9.0,22000875,1610612747,35-23,23.0,19.0,23.0,32.0,0.0,0.0,0.0,0.0,0.0,0.0,0.0,0.0,0.0,0.0,97.0,1610612762,43-15,29.0,23.0,33.0,26.0,0.0,0.0,0.0,0.0,0.0,0.0,0.0,0.0,0.0,0.0,111.0
2021-04-22,6.0,22000897,1610612742,32-26,31.0,31.0,32.0,21.0,0.0,0.0,0.0,0.0,0.0,0.0,0.0,0.0,0.0,0.0,115.0,1610612747,35-24,26.0,25.0,39.0,20.0,0.0,0.0,0.0,0.0,0.0,0.0,0.0,0.0,0.0,0.0,110.0
2021-04-24,6.0,22000908,1610612742,33-26,23.0,23.0,33.0,29.0,0.0,0.0,0.0,0.0,0.0,0.0,0.0,0.0,0.0,0.0,108.0,1610612747,35-25,26.0,32.0,21.0,14.0,0.0,0.0,0.0,0.0,0.0,0.0,0.0,0.0,0.0,0.0,93.0
2021-04-28,3.0,22000935,1610612764,28-34,31.0,30.0,29.0,26.0,0.0,0.0,0.0,0.0,0.0,0.0,0.0,0.0,0.0,0.0,116.0,1610612747,36-26,35.0,20.0,22.0,30.0,0.0,0.0,0.0,0.0,0.0,0.0,0.0,0.0,0.0,0.0,107.0
2021-04-30,8.0,22000956,1610612747,36-27,23.0,33.0,32.0,18.0,0.0,0.0,0.0,0.0,0.0,0.0,0.0,0.0,0.0,0.0,106.0,1610612758,26-37,30.0,25.0,23.0,32.0,0.0,0.0,0.0,0.0,0.0,0.0,0.0,0.0,0.0,0.0,110.0
2021-05-03,8.0,22000982,1610612747,37-28,20.0,25.0,25.0,23.0,0.0,0.0,0.0,0.0,0.0,0.0,0.0,0.0,0.0,0.0,93.0,1610612743,43-22,24.0,18.0,23.0,24.0,0.0,0.0,0.0,0.0,0.0,0.0,0.0,0.0,0.0,0.0,89.0
2021-05-06,7.0,22001002,1610612747,37-29,20.0,22.0,29.0,23.0,0.0,0.0,0.0,0.0,0.0,0.0,0.0,0.0,0.0,0.0,94.0,1610612746,45-22,29.0,36.0,27.0,26.0,0.0,0.0,0.0,0.0,0.0,0.0,0.0,0.0,0.0,0.0,118.0
2021-05-07,9.0,22001010,1610612757,38-29,34.0,25.0,23.0,24.0,0.0,0.0,0.0,0.0,0.0,0.0,0.0,0.0,0.0,0.0,106.0,1610612747,37-30,22.0,33.0,23.0,23.0,0.0,0.0,0.0,0.0,0.0,0.0,0.0,0.0,0.0,0.0,101.0
2021-05-09,7.0,22001024,1610612747,38-30,30.0,29.0,39.0,25.0,0.0,0.0,0.0,0.0,0.0,0.0,0.0,0.0,0.0,0.0,123.0,1610612756,48-20,19.0,28.0,30.0,33.0,0.0,0.0,0.0,0.0,0.0,0.0,0.0,0.0,0.0,0.0,110.0
2021-05-11,11.0,22001041,1610612752,38-31,25.0,31.0,20.0,15.0,8.0,0.0,0.0,0.0,0.0,0.0,0.0,0.0,0.0,0.0,99.0,1610612747,39-30,24.0,31.0,18.0,18.0,10.0,0.0,0.0,0.0,0.0,0.0,0.0,0.0,0.0,0.0,101.0
2021-05-12,6.0,22001046,1610612745,16-54,26.0,27.0,43.0,26.0,0.0,0.0,0.0,0.0,0.0,0.0,0.0,0.0,0.0,0.0,122.0,1610612747,40-30,34.0,25.0,41.0,24.0,0.0,0.0,0.0,0.0,0.0,0.0,0.0,0.0,0.0,0.0,124.0
2021-05-15,2.0,22001061,1610612754,33-38,28.0,28.0,32.0,27.0,0.0,0.0,0.0,0.0,0.0,0.0,0.0,0.0,0.0,0.0,115.0,1610612747,41-30,36.0,28.0,32.0,26.0,0.0,0.0,0.0,0.0,0.0,0.0,0.0,0.0,0.0,0.0,122.0
2021-05-16,12.0,22001072,1610612747,42-30,36.0,27.0,28.0,19.0,0.0,0.0,0.0,0.0,0.0,0.0,0.0,0.0,0.0,0.0,110.0,1610612740,31-41,28.0,31.0,17.0,22.0,0.0,0.0,0.0,0.0,0.0,0.0,0.0,0.0,0.0,0.0,98.0
2020-12-11,4.0,12000004,1610612746,0-1,22.0,24.0,15.0,20.0,0.0,0.0,0.0,0.0,0.0,0.0,0.0,0.0,0.0,0.0,81.0,1610612747,1-0,25.0,18.0,16.0,28.0,0.0,0.0,0.0,0.0,0.0,0.0,0.0,0.0,0.0,0.0,87.0
2020-12-13,5.0,12000018,1610612747,2-0,39.0,31.0,33.0,28.0,0.0,0.0,0.0,0.0,0.0,0.0,0.0,0.0,0.0,0.0,131.0,1610612746,0-2,29.0,34.0,23.0,20.0,0.0,0.0,0.0,0.0,0.0,0.0,0.0,0.0,0.0,0.0,106.0
2020-12-18,8.0,12000046,1610612756,0-4,39.0,30.0,23.0,21.0,0.0,0.0,0.0,0.0,0.0,0.0,0.0,0.0,0.0,0.0,113.0,1610612747,4-0,21.0,35.0,35.0,23.0,0.0,0.0,0.0,0.0,0.0,0.0,0.0,0.0,0.0,0.0,114.0
2021-05-23,2.0,42000151,1610612756,1-0,32.0,21.0,28.0,18.0,0.0,0.0,0.0,0.0,0.0,0.0,0.0,0.0,0.0,0.0,99.0,1610612747,0-1,25.0,20.0,23.0,22.0,0.0,0.0,0.0,0.0,0.0,0.0,0.0,0.0,0.0,0.0,90.0
2021-05-25,2.0,42000152,1610612747,1-1,30.0,23.0,26.0,30.0,0.0,0.0,0.0,0.0,0.0,0.0,0.0,0.0,0.0,0.0,109.0,1610612756,1-1,24.0,23.0,25.0,30.0,0.0,0.0,0.0,0.0,0.0,0.0,0.0,0.0,0.0,0.0,102.0
2021-05-27,2.0,42000153,1610612756,1-2,28.0,12.0,23.0,32.0,0.0,0.0,0.0,0.0,0.0,0.0,0.0,0.0,0.0,0.0,95.0,1610612747,2-1,27.0,16.0,33.0,33.0,0.0,0.0,0.0,0.0,0.0,0.0,0.0,0.0,0.0,0.0,109.0
2021-05-30,2.0,42000154,1610612747,2-2,24.0,26.0,15.0,27.0,0.0,0.0,0.0,0.0,0.0,0.0,0.0,0.0,0.0,0.0,92.0,1610612756,2-2,23.0,31.0,27.0,19.0,0.0,0.0,0.0,0.0,0.0,0.0,0.0,0.0,0.0,0.0,100.0
2021-06-01,4.0,42000155,1610612747,2-3,26.0,10.0,27.0,22.0,0.0,0.0,0.0,0.0,0.0,0.0,0.0,0.0,0.0,0.0,85.0,1610612756,3-2,34.0,32.0,26.0,23.0,0.0,0.0,0.0,0.0,0.0,0.0,0.0,0.0,0.0,0.0,115.0
2021-06-03,4.0,42000156,1610612756,4-2,36.0,26.0,27.0,24.0,0.0,0.0,0.0,0.0,0.0,0.0,0.0,0.0,0.0,0.0,113.0,1610612747,2-4,14.0,27.0,35.0,24.0,0.0,0.0,0.0,0.0,0.0,0.0,0.0,0.0,0.0,0.0,100.0
2021-10-19,2.0,22100002,1610612747,0-1,34.0,25.0,26.0,29.0,0.0,0.0,0.0,0.0,0.0,0.0,0.0,0.0,0.0,0.0,114.0,1610612744,1-0,32.0,21.0,30.0,38.0,0.0,0.0,0.0,0.0,0.0,0.0,0.0,0.0,0.0,0.0,121.0
2021-10-22,9.0,22100025,1610612756,1-1,23.0,34.0,37.0,21.0,0.0,0.0,0.0,0.0,0.0,0.0,0.0,0.0,0.0,0.0,115.0,1610612747,0-2,26.0,18.0,23.0,38.0,0.0,0.0,0.0,0.0,0.0,0.0,0.0,0.0,0.0,0.0,105.0
2021-10-24,6.0,22100040,1610612747,1-2,29.0,33.0,25.0,34.0,0.0,0.0,0.0,0.0,0.0,0.0,0.0,0.0,0.0,0.0,121.0,1610612763,2-1,24.0,32.0,34.0,28.0,0.0,0.0,0.0,0.0,0.0,0.0,0.0,0.0,0.0,0.0,118.0
2021-10-26,4.0,22100053,1610612747,2-2,27.0,34.0,24.0,29.0,11.0,0.0,0.0,0.0,0.0,0.0,0.0,0.0,0.0,0.0,125.0,1610612759,1-3,29.0,33.0,35.0,17.0,7.0,0.0,0.0,0.0,0.0,0.0,0.0,0.0,0.0,0.0,121.0
2021-10-27,7.0,22100061,1610612760,1-4,19.0,37.0,41.0,26.0,0.0,0.0,0.0,0.0,0.0,0.0,0.0,0.0,0.0,0.0,123.0,1610612747,2-3,41.0,31.0,23.0,20.0,0.0,0.0,0.0,0.0,0.0,0.0,0.0,0.0,0.0,0.0,115.0
2021-10-29,7.0,22100077,1610612747,3-3,21.0,33.0,34.0,25.0,0.0,0.0,0.0,0.0,0.0,0.0,0.0,0.0,0.0,0.0,113.0,1610612739,3-3,28.0,26.0,31.0,16.0,0.0,0.0,0.0,0.0,0.0,0.0,0.0,0.0,0.0,0.0,101.0
2021-11-02,5.0,22100107,1610612747,5-3,32.0,32.0,23.0,32.0,0.0,0.0,0.0,0.0,0.0,0.0,0.0,0.0,0.0,0.0,119.0,1610612745,1-6,35.0,35.0,19.0,28.0,0.0,0.0,0.0,0.0,0.0,0.0,0.0,0.0,0.0,0.0,117.0
2021-11-06,6.0,22100138,1610612747,5-5,14.0,22.0,26.0,28.0,0.0,0.0,0.0,0.0,0.0,0.0,0.0,0.0,0.0,0.0,90.0,1610612757,5-5,36.0,15.0,42.0,12.0,0.0,0.0,0.0,0.0,0.0,0.0,0.0,0.0,0.0,0.0,105.0
2021-11-08,8.0,22100154,1610612766,5-7,26.0,34.0,27.0,28.0,8.0,0.0,0.0,0.0,0.0,0.0,0.0,0.0,0.0,0.0,123.0,1610612747,6-5,29.0,32.0,33.0,21.0,11.0,0.0,0.0,0.0,0.0,0.0,0.0,0.0,0.0,0.0,126.0
2021-11-10,13.0,22100170,1610612747,7-5,28.0,27.0,27.0,30.0,8.0,0.0,0.0,0.0,0.0,0.0,0.0,0.0,0.0,0.0,120.0,1610612748,7-4,25.0,32.0,29.0,26.0,5.0,0.0,0.0,0.0,0.0,0.0,0.0,0.0,0.0,0.0,117.0
2021-11-12,11.0,22100184,1610612750,4-7,19.0,25.0,40.0,23.0,0.0,0.0,0.0,0.0,0.0,0.0,0.0,0.0,0.0,0.0,107.0,1610612747,7-6,26.0,23.0,12.0,22.0,0.0,0.0,0.0,0.0,0.0,0.0,0.0,0.0,0.0,0.0,83.0
2021-11-14,1.0,22100192,1610612759,4-9,29.0,26.0,24.0,27.0,0.0,0.0,0.0,0.0,0.0,0.0,0.0,0.0,0.0,0.0,106.0,1610612747,8-6,34.0,26.0,30.0,24.0,0.0,0.0,0.0,0.0,0.0,0.0,0.0,0.0,0.0,0.0,114.0
2021-11-15,11.0,22100209,1610612747,8-7,25.0,23.0,25.0,30.0,0.0,0.0,0.0,0.0,0.0,0.0,0.0,0.0,0.0,0.0,103.0,1610612741,10-4,33.0,24.0,37.0,27.0,0.0,0.0,0.0,0.0,0.0,0.0,0.0,0.0,0.0,0.0,121.0
2021-11-17,7.0,22100219,1610612749,7-8,30.0,34.0,21.0,24.0,0.0,0.0,0.0,0.0,0.0,0.0,0.0,0.0,0.0,0.0,109.0,1610612747,8-8,32.0,21.0,30.0,19.0,0.0,0.0,0.0,0.0,0.0,0.0,0.0,0.0,0.0,0.0,102.0
2021-11-19,3.0,22100232,1610612747,8-9,38.0,23.0,21.0,26.0,0.0,0.0,0.0,0.0,0.0,0.0,0.0,0.0,0.0,0.0,108.0,1610612738,8-8,30.0,30.0,33.0,37.0,0.0,0.0,0.0,0.0,0.0,0.0,0.0,0.0,0.0,0.0,130.0
2021-11-21,2.0,22100249,1610612765,4-12,26.0,42.0,31.0,17.0,0.0,0.0,0.0,0.0,0.0,0.0,0.0,0.0,0.0,0.0,116.0,1610612747,9-9,30.0,31.0,23.0,37.0,0.0,0.0,0.0,0.0,0.0,0.0,0.0,0.0,0.0,0.0,121.0
2021-11-23,2.0,22100264,1610612752,10-8,36.0,27.0,20.0,23.0,0.0,0.0,0.0,0.0,0.0,0.0,0.0,0.0,0.0,0.0,106.0,1610612747,9-10,20.0,31.0,30.0,19.0,0.0,0.0,0.0,0.0,0.0,0.0,0.0,0.0,0.0,0.0,100.0
2021-11-26,12.0,22100291,1610612747,10-11,20.0,23.0,35.0,22.0,12.0,12.0,13.0,0.0,0.0,0.0,0.0,0.0,0.0,0.0,137.0,1610612758,8-12,20.0,23.0,30.0,27.0,12.0,12.0,17.0,0.0,0.0,0.0,0.0,0.0,0.0,0.0,141.0
2021-11-28,5.0,22100304,1610612747,11-11,23.0,28.0,32.0,27.0,0.0,0.0,0.0,0.0,0.0,0.0,0.0,0.0,0.0,0.0,110.0,1610612765,4-16,21.0,27.0,22.0,36.0,0.0,0.0,0.0,0.0,0.0,0.0,0.0,0.0,0.0,0.0,106.0
2021-11-30,5.0,22100318,1610612747,12-11,20.0,30.0,37.0,30.0,0.0,0.0,0.0,0.0,0.0,0.0,0.0,0.0,0.0,0.0,117.0,1610612758,8-14,28.0,31.0,15.0,18.0,0.0,0.0,0.0,0.0,0.0,0.0,0.0,0.0,0.0,0.0,92.0
2021-12-03,9.0,22100341,1610612746,12-11,23.0,30.0,34.0,32.0,0.0,0.0,0.0,0.0,0.0,0.0,0.0,0.0,0.0,0.0,119.0,1610612747,12-12,22.0,28.0,29.0,36.0,0.0,0.0,0.0,0.0,0.0,0.0,0.0,0.0,0.0,0.0,115.0
2021-12-07,3.0,22100365,1610612738,13-12,33.0,22.0,20.0,27.0,0.0,0.0,0.0,0.0,0.0,0.0,0.0,0.0,0.0,0.0,102.0,1610612747,13-12,31.0,29.0,31.0,26.0,0.0,0.0,0.0,0.0,0.0,0.0,0.0,0.0,0.0,0.0,117.0
2021-12-09,2.0,22100380,1610612763,15-11,25.0,34.0,26.0,23.0,0.0,0.0,0.0,0.0,0.0,0.0,0.0,0.0,0.0,0.0,108.0,1610612747,13-13,29.0,24.0,25.0,17.0,0.0,0.0,0.0,0.0,0.0,0.0,0.0,0.0,0.0,0.0,95.0
2021-12-10,8.0,22100389,1610612760,8-17,18.0,27.0,23.0,27.0,0.0,0.0,0.0,0.0,0.0,0.0,0.0,0.0,0.0,0.0,95.0,1610612747,14-13,32.0,32.0,29.0,23.0,0.0,0.0,0.0,0.0,0.0,0.0,0.0,0.0,0.0,0.0,116.0
2021-12-15,4.0,22100420,1610612747,16-13,33.0,14.0,26.0,20.0,14.0,0.0,0.0,0.0,0.0,0.0,0.0,0.0,0.0,0.0,107.0,1610612742,14-14,23.0,27.0,23.0,20.0,11.0,0.0,0.0,0.0,0.0,0.0,0.0,0.0,0.0,0.0,104.0
2021-12-17,6.0,22100436,1610612747,16-14,16.0,29.0,20.0,27.0,0.0,0.0,0.0,0.0,0.0,0.0,0.0,0.0,0.0,0.0,92.0,1610612750,14-15,23.0,31.0,31.0,25.0,0.0,0.0,0.0,0.0,0.0,0.0,0.0,0.0,0.0,0.0,110.0
2021-12-19,7.0,22100448,1610612747,16-15,22.0,37.0,25.0,26.0,0.0,0.0,0.0,0.0,0.0,0.0,0.0,0.0,0.0,0.0,110.0,1610612741,18-10,28.0,33.0,22.0,32.0,0.0,0.0,0.0,0.0,0.0,0.0,0.0,0.0,0.0,0.0,115.0
2021-12-21,6.0,22100469,1610612756,25-5,24.0,30.0,31.0,23.0,0.0,0.0,0.0,0.0,0.0,0.0,0.0,0.0,0.0,0.0,108.0,1610612747,16-16,25.0,27.0,21.0,17.0,0.0,0.0,0.0,0.0,0.0,0.0,0.0,0.0,0.0,0.0,90.0
2021-12-23,12.0,22100487,1610612747,16-17,24.0,31.0,37.0,18.0,0.0,0.0,0.0,0.0,0.0,0.0,0.0,0.0,0.0,0.0,110.0,1610612759,13-18,33.0,33.0,39.0,33.0,0.0,0.0,0.0,0.0,0.0,0.0,0.0,0.0,0.0,0.0,138.0
2021-12-25,4.0,22100491,1610612747,16-18,23.0,39.0,20.0,33.0,0.0,0.0,0.0,0.0,0.0,0.0,0.0,0.0,0.0,0.0,115.0,1610612751,22-9,38.0,28.0,36.0,20.0,0.0,0.0,0.0,0.0,0.0,0.0,0.0,0.0,0.0,0.0,122.0
2021-12-28,4.0,22100511,1610612747,17-18,34.0,33.0,30.0,35.0,0.0,0.0,0.0,0.0,0.0,0.0,0.0,0.0,0.0,0.0,132.0,1610612745,10-25,35.0,24.0,33.0,31.0,0.0,0.0,0.0,0.0,0.0,0.0,0.0,0.0,0.0,0.0,123.0
2021-12-29,5.0,22100520,1610612763,22-14,23.0,25.0,30.0,26.0,0.0,0.0,0.0,0.0,0.0,0.0,0.0,0.0,0.0,0.0,104.0,1610612747,17-19,30.0,24.0,29.0,16.0,0.0,0.0,0.0,0.0,0.0,0.0,0.0,0.0,0.0,0.0,99.0
2021-12-31,10.0,22100538,1610612747,18-19,43.0,26.0,32.0,38.0,0.0,0.0,0.0,0.0,0.0,0.0,0.0,0.0,0.0,0.0,139.0,1610612757,13-22,28.0,26.0,23.0,29.0,0.0,0.0,0.0,0.0,0.0,0.0,0.0,0.0,0.0,0.0,106.0
2022-01-04,5.0,22100566,1610612758,16-23,31.0,28.0,24.0,31.0,0.0,0.0,0.0,0.0,0.0,0.0,0.0,0.0,0.0,0.0,114.0,1610612747,20-19,26.0,31.0,28.0,37.0,0.0,0.0,0.0,0.0,0.0,0.0,0.0,0.0,0.0,0.0,122.0
2022-01-07,8.0,22100589,1610612747,21-19,34.0,30.0,37.0,33.0,0.0,0.0,0.0,0.0,0.0,0.0,0.0,0.0,0.0,0.0,134.0,1610612737,17-21,28.0,33.0,26.0,31.0,0.0,0.0,0.0,0.0,0.0,0.0,0.0,0.0,0.0,0.0,118.0
2022-01-09,10.0,22100606,1610612763,28-14,27.0,38.0,42.0,20.0,0.0,0.0,0.0,0.0,0.0,0.0,0.0,0.0,0.0,0.0,127.0,1610612747,21-20,27.0,25.0,31.0,36.0,0.0,0.0,0.0,0.0,0.0,0.0,0.0,0.0,0.0,0.0,119.0
2022-01-12,9.0,22100626,1610612747,21-21,34.0,33.0,23.0,26.0,0.0,0.0,0.0,0.0,0.0,0.0,0.0,0.0,0.0,0.0,116.0,1610612758,17-27,29.0,32.0,40.0,24.0,0.0,0.0,0.0,0.0,0.0,0.0,0.0,0.0,0.0,0.0,125.0
2022-01-15,9.0,22100649,1610612743,22-19,34.0,39.0,29.0,31.0,0.0,0.0,0.0,0.0,0.0,0.0,0.0,0.0,0.0,0.0,133.0,1610612747,21-22,29.0,31.0,19.0,17.0,0.0,0.0,0.0,0.0,0.0,0.0,0.0,0.0,0.0,0.0,96.0
2022-01-17,12.0,22100665,1610612747,22-22,24.0,28.0,20.0,29.0,0.0,0.0,0.0,0.0,0.0,0.0,0.0,0.0,0.0,0.0,101.0,1610612762,29-15,25.0,21.0,32.0,17.0,0.0,0.0,0.0,0.0,0.0,0.0,0.0,0.0,0.0,0.0,95.0
2022-01-19,13.0,22100680,1610612747,22-23,32.0,24.0,24.0,24.0,0.0,0.0,0.0,0.0,0.0,0.0,0.0,0.0,0.0,0.0,104.0,1610612754,16-29,23.0,27.0,26.0,35.0,0.0,0.0,0.0,0.0,0.0,0.0,0.0,0.0,0.0,0.0,111.0
2022-01-21,2.0,22100685,1610612747,23-23,24.0,30.0,31.0,31.0,0.0,0.0,0.0,0.0,0.0,0.0,0.0,0.0,0.0,0.0,116.0,1610612753,8-39,27.0,35.0,16.0,27.0,0.0,0.0,0.0,0.0,0.0,0.0,0.0,0.0,0.0,0.0,105.0
2022-01-23,3.0,22100700,1610612747,23-24,25.0,27.0,18.0,37.0,0.0,0.0,0.0,0.0,0.0,0.0,0.0,0.0,0.0,0.0,107.0,1610612748,30-17,39.0,30.0,20.0,24.0,0.0,0.0,0.0,0.0,0.0,0.0,0.0,0.0,0.0,0.0,113.0
2022-01-25,6.0,22100718,1610612747,24-24,33.0,29.0,30.0,14.0,0.0,0.0,0.0,0.0,0.0,0.0,0.0,0.0,0.0,0.0,106.0,1610612751,29-18,25.0,28.0,25.0,18.0,0.0,0.0,0.0,0.0,0.0,0.0,0.0,0.0,0.0,0.0,96.0
2022-01-27,1.0,22100733,1610612755,29-19,32.0,22.0,34.0,17.0,0.0,0.0,0.0,0.0,0.0,0.0,0.0,0.0,0.0,0.0,105.0,1610612747,24-25,22.0,26.0,20.0,19.0,0.0,0.0,0.0,0.0,0.0,0.0,0.0,0.0,0.0,0.0,87.0
2022-01-28,2.0,22100735,1610612747,24-26,21.0,28.0,36.0,29.0,0.0,0.0,0.0,0.0,0.0,0.0,0.0,0.0,0.0,0.0,114.0,1610612766,28-22,31.0,34.0,22.0,30.0,0.0,0.0,0.0,0.0,0.0,0.0,0.0,0.0,0.0,0.0,117.0
2022-01-30,1.0,22100751,1610612737,24-25,34.0,28.0,29.0,38.0,0.0,0.0,0.0,0.0,0.0,0.0,0.0,0.0,0.0,0.0,129.0,1610612747,24-27,33.0,38.0,30.0,20.0,0.0,0.0,0.0,0.0,0.0,0.0,0.0,0.0,0.0,0.0,121.0
2022-02-02,9.0,22100781,1610612747,25-27,28.0,26.0,18.0,27.0,0.0,0.0,0.0,0.0,0.0,0.0,0.0,0.0,0.0,0.0,99.0,1610612757,21-31,16.0,37.0,22.0,19.0,0.0,0.0,0.0,0.0,0.0,0.0,0.0,0.0,0.0,0.0,94.0
2022-02-03,6.0,22100786,1610612746,27-27,28.0,32.0,34.0,17.0,0.0,0.0,0.0,0.0,0.0,0.0,0.0,0.0,0.0,0.0,111.0,1610612747,25-28,26.0,28.0,28.0,28.0,0.0,0.0,0.0,0.0,0.0,0.0,0.0,0.0,0.0,0.0,110.0
2022-02-05,4.0,22100799,1610612752,24-29,42.0,29.0,13.0,27.0,4.0,0.0,0.0,0.0,0.0,0.0,0.0,0.0,0.0,0.0,115.0,1610612747,26-28,29.0,27.0,31.0,24.0,11.0,0.0,0.0,0.0,0.0,0.0,0.0,0.0,0.0,0.0,122.0
2022-02-08,8.0,22100822,1610612747,26-29,24.0,32.0,29.0,31.0,0.0,0.0,0.0,0.0,0.0,0.0,0.0,0.0,0.0,0.0,116.0,1610612749,35-21,38.0,40.0,31.0,22.0,0.0,0.0,0.0,0.0,0.0,0.0,0.0,0.0,0.0,0.0,131.0
2022-02-12,10.0,22100854,1610612747,26-31,26.0,36.0,32.0,21.0,0.0,0.0,0.0,0.0,0.0,0.0,0.0,0.0,0.0,0.0,115.0,1610612744,42-15,32.0,33.0,30.0,22.0,0.0,0.0,0.0,0.0,0.0,0.0,0.0,0.0,0.0,0.0,117.0
2022-02-16,11.0,22100884,1610612762,36-22,27.0,26.0,26.0,22.0,0.0,0.0,0.0,0.0,0.0,0.0,0.0,0.0,0.0,0.0,101.0,1610612747,27-31,27.0,19.0,25.0,35.0,0.0,0.0,0.0,0.0,0.0,0.0,0.0,0.0,0.0,0.0,106.0
2022-02-25,9.0,22100904,1610612747,27-32,22.0,25.0,31.0,24.0,0.0,0.0,0.0,0.0,0.0,0.0,0.0,0.0,0.0,0.0,102.0,1610612746,31-31,24.0,33.0,15.0,33.0,0.0,0.0,0.0,0.0,0.0,0.0,0.0,0.0,0.0,0.0,105.0
2022-02-27,8.0,22100919,1610612747,27-33,20.0,20.0,25.0,30.0,0.0,0.0,0.0,0.0,0.0,0.0,0.0,0.0,0.0,0.0,95.0,1610612740,25-36,24.0,27.0,44.0,28.0,0.0,0.0,0.0,0.0,0.0,0.0,0.0,0.0,0.0,0.0,123.0
2022-03-01,6.0,22100931,1610612742,37-25,30.0,41.0,14.0,24.0,0.0,0.0,0.0,0.0,0.0,0.0,0.0,0.0,0.0,0.0,109.0,1610612747,27-34,25.0,31.0,31.0,17.0,0.0,0.0,0.0,0.0,0.0,0.0,0.0,0.0,0.0,0.0,104.0
2022-03-03,7.0,22100945,1610612747,27-35,31.0,32.0,18.0,30.0,0.0,0.0,0.0,0.0,0.0,0.0,0.0,0.0,0.0,0.0,111.0,1610612746,34-31,36.0,30.0,40.0,26.0,0.0,0.0,0.0,0.0,0.0,0.0,0.0,0.0,0.0,0.0,132.0
2022-03-05,6.0,22100959,1610612747,28-35,32.0,30.0,27.0,35.0,0.0,0.0,0.0,0.0,0.0,0.0,0.0,0.0,0.0,0.0,124.0,1610612744,43-21,25.0,42.0,27.0,22.0,0.0,0.0,0.0,0.0,0.0,0.0,0.0,0.0,0.0,0.0,116.0
2022-03-09,5.0,22100985,1610612747,28-37,38.0,25.0,35.0,22.0,10.0,0.0,0.0,0.0,0.0,0.0,0.0,0.0,0.0,0.0,130.0,1610612745,17-49,32.0,36.0,29.0,23.0,19.0,0.0,0.0,0.0,0.0,0.0,0.0,0.0,0.0,0.0,139.0
2022-03-11,10.0,22101004,1610612747,29-37,26.0,26.0,37.0,33.0,0.0,0.0,0.0,0.0,0.0,0.0,0.0,0.0,0.0,0.0,122.0,1610612764,29-36,26.0,33.0,23.0,27.0,0.0,0.0,0.0,0.0,0.0,0.0,0.0,0.0,0.0,0.0,109.0
2022-03-13,8.0,22101019,1610612756,54-14,48.0,31.0,40.0,21.0,0.0,0.0,0.0,0.0,0.0,0.0,0.0,0.0,0.0,0.0,140.0,1610612747,29-38,22.0,34.0,34.0,21.0,0.0,0.0,0.0,0.0,0.0,0.0,0.0,0.0,0.0,0.0,111.0
2022-03-14,9.0,22101028,1610612747,29-39,12.0,28.0,31.0,32.0,0.0,0.0,0.0,0.0,0.0,0.0,0.0,0.0,0.0,0.0,103.0,1610612761,38-30,33.0,25.0,33.0,23.0,0.0,0.0,0.0,0.0,0.0,0.0,0.0,0.0,0.0,0.0,114.0
2022-03-16,7.0,22101039,1610612747,29-40,17.0,29.0,31.0,27.0,0.0,0.0,0.0,0.0,0.0,0.0,0.0,0.0,0.0,0.0,104.0,1610612750,41-30,31.0,36.0,19.0,38.0,0.0,0.0,0.0,0.0,0.0,0.0,0.0,0.0,0.0,0.0,124.0
2022-03-19,4.0,22101061,1610612747,30-41,36.0,31.0,32.0,20.0,0.0,0.0,0.0,0.0,0.0,0.0,0.0,0.0,0.0,0.0,119.0,1610612764,30-40,26.0,32.0,35.0,34.0,0.0,0.0,0.0,0.0,0.0,0.0,0.0,0.0,0.0,0.0,127.0
2022-03-21,2.0,22101072,1610612747,31-41,28.0,39.0,29.0,35.0,0.0,0.0,0.0,0.0,0.0,0.0,0.0,0.0,0.0,0.0,131.0,1610612739,41-31,35.0,27.0,35.0,23.0,0.0,0.0,0.0,0.0,0.0,0.0,0.0,0.0,0.0,0.0,120.0
2022-03-23,10.0,22101093,1610612755,45-27,27.0,34.0,32.0,33.0,0.0,0.0,0.0,0.0,0.0,0.0,0.0,0.0,0.0,0.0,126.0,1610612747,31-42,30.0,22.0,39.0,30.0,0.0,0.0,0.0,0.0,0.0,0.0,0.0,0.0,0.0,0.0,121.0
2022-03-27,5.0,22101119,1610612740,32-43,23.0,26.0,41.0,26.0,0.0,0.0,0.0,0.0,0.0,0.0,0.0,0.0,0.0,0.0,116.0,1610612747,31-43,31.0,38.0,25.0,14.0,0.0,0.0,0.0,0.0,0.0,0.0,0.0,0.0,0.0,0.0,108.0
2022-03-29,4.0,22101134,1610612747,31-44,25.0,31.0,28.0,26.0,0.0,0.0,0.0,0.0,0.0,0.0,0.0,0.0,0.0,0.0,110.0,1610612742,47-29,43.0,39.0,31.0,15.0,0.0,0.0,0.0,0.0,0.0,0.0,0.0,0.0,0.0,0.0,128.0
2022-03-31,5.0,22101150,1610612747,31-45,28.0,27.0,30.0,24.0,0.0,0.0,0.0,0.0,0.0,0.0,0.0,0.0,0.0,0.0,109.0,1610612762,46-31,34.0,32.0,33.0,23.0,0.0,0.0,0.0,0.0,0.0,0.0,0.0,0.0,0.0,0.0,122.0
2022-04-01,10.0,22101160,1610612740,34-43,30.0,20.0,36.0,28.0,0.0,0.0,0.0,0.0,0.0,0.0,0.0,0.0,0.0,0.0,114.0,1610612747,31-46,25.0,25.0,37.0,24.0,0.0,0.0,0.0,0.0,0.0,0.0,0.0,0.0,0.0,0.0,111.0
2022-04-03,3.0,22101168,1610612747,31-47,28.0,33.0,33.0,24.0,0.0,0.0,0.0,0.0,0.0,0.0,0.0,0.0,0.0,0.0,118.0,1610612743,47-32,24.0,38.0,33.0,34.0,0.0,0.0,0.0,0.0,0.0,0.0,0.0,0.0,0.0,0.0,129.0
2022-04-05,12.0,22101189,1610612747,31-48,31.0,27.0,22.0,30.0,0.0,0.0,0.0,0.0,0.0,0.0,0.0,0.0,0.0,0.0,110.0,1610612756,63-16,28.0,35.0,35.0,23.0,0.0,0.0,0.0,0.0,0.0,0.0,0.0,0.0,0.0,0.0,121.0
2022-04-07,7.0,22101202,1610612747,31-49,32.0,30.0,22.0,28.0,0.0,0.0,0.0,0.0,0.0,0.0,0.0,0.0,0.0,0.0,112.0,1610612744,51-29,27.0,38.0,26.0,37.0,0.0,0.0,0.0,0.0,0.0,0.0,0.0,0.0,0.0,0.0,128.0
2022-04-08,9.0,22101211,1610612747,32-49,27.0,29.0,34.0,30.0,0.0,0.0,0.0,0.0,0.0,0.0,0.0,0.0,0.0,0.0,120.0,1610612760,24-57,28.0,24.0,30.0,19.0,0.0,0.0,0.0,0.0,0.0,0.0,0.0,0.0,0.0,0.0,101.0
2022-04-10,11.0,22101220,1610612747,33-49,36.0,33.0,26.0,40.0,11.0,0.0,0.0,0.0,0.0,0.0,0.0,0.0,0.0,0.0,146.0,1610612743,48-34,33.0,36.0,39.0,27.0,6.0,0.0,0.0,0.0,0.0,0.0,0.0,0.0,0.0,0.0,141.0
2021-10-03,1.0,12100001,1610612751,1-0,25.0,32.0,27.0,39.0,0.0,0.0,0.0,0.0,0.0,0.0,0.0,0.0,0.0,0.0,123.0,1610612747,0-1,19.0,30.0,32.0,16.0,0.0,0.0,0.0,0.0,0.0,0.0,0.0,0.0,0.0,0.0,97.0
2021-10-08,7.0,12100031,1610612744,3-0,21.0,38.0,32.0,30.0,0.0,0.0,0.0,0.0,0.0,0.0,0.0,0.0,0.0,0.0,121.0,1610612747,0-3,25.0,24.0,28.0,37.0,0.0,0.0,0.0,0.0,0.0,0.0,0.0,0.0,0.0,0.0,114.0
2021-10-10,4.0,12100038,1610612747,0-4,18.0,26.0,20.0,30.0,0.0,0.0,0.0,0.0,0.0,0.0,0.0,0.0,0.0,0.0,94.0,1610612756,2-1,28.0,23.0,37.0,35.0,0.0,0.0,0.0,0.0,0.0,0.0,0.0,0.0,0.0,0.0,123.0
2021-10-14,4.0,12100058,1610612758,4-0,35.0,36.0,21.0,24.0,0.0,0.0,0.0,0.0,0.0,0.0,0.0,0.0,0.0,0.0,116.0,1610612747,0-6,23.0,42.0,22.0,25.0,0.0,0.0,0.0,0.0,0.0,0.0,0.0,0.0,0.0,0.0,112.0
2022-10-18,2.0,22200002,1610612744,1-0,25.0,34.0,32.0,32.0,0.0,0.0,0.0,0.0,0.0,0.0,0.0,0.0,0.0,0.0,123.0,1610612747,0-1,22.0,30.0,19.0,38.0,0.0,0.0,0.0,0.0,0.0,0.0,0.0,0.0,0.0,0.0,109.0
2022-10-20,2.0,22200016,1610612746,1-0,35.0,21.0,29.0,18.0,0.0,0.0,0.0,0.0,0.0,0.0,0.0,0.0,0.0,0.0,103.0,1610612747,0-2,23.0,33.0,21.0,20.0,0.0,0.0,0.0,0.0,0.0,0.0,0.0,0.0,0.0,0.0,97.0
2022-10-23,1.0,22200037,1610612747,0-3,24.0,24.0,35.0,21.0,0.0,0.0,0.0,0.0,0.0,0.0,0.0,0.0,0.0,0.0,104.0,1610612757,3-0,32.0,23.0,23.0,28.0,0.0,0.0,0.0,0.0,0.0,0.0,0.0,0.0,0.0,0.0,106.0
2022-10-26,9.0,22200064,1610612743,3-2,26.0,28.0,32.0,24.0,0.0,0.0,0.0,0.0,0.0,0.0,0.0,0.0,0.0,0.0,110.0,1610612747,0-4,22.0,32.0,17.0,28.0,0.0,0.0,0.0,0.0,0.0,0.0,0.0,0.0,0.0,0.0,99.0
2022-10-28,7.0,22200076,1610612750,4-2,28.0,24.0,26.0,33.0,0.0,0.0,0.0,0.0,0.0,0.0,0.0,0.0,0.0,0.0,111.0,1610612747,0-5,25.0,27.0,23.0,27.0,0.0,0.0,0.0,0.0,0.0,0.0,0.0,0.0,0.0,0.0,102.0
2022-10-30,8.0,22200095,1610612747,1-5,26.0,29.0,38.0,28.0,0.0,0.0,0.0,0.0,0.0,0.0,0.0,0.0,0.0,0.0,121.0,1610612743,4-3,31.0,20.0,34.0,25.0,0.0,0.0,0.0,0.0,0.0,0.0,0.0,0.0,0.0,0.0,110.0
2022-11-02,11.0,22200117,1610612747,2-5,23.0,33.0,26.0,29.0,9.0,0.0,0.0,0.0,0.0,0.0,0.0,0.0,0.0,0.0,120.0,1610612740,4-3,27.0,17.0,35.0,32.0,6.0,0.0,0.0,0.0,0.0,0.0,0.0,0.0,0.0,0.0,117.0
2022-11-04,12.0,22200131,1610612762,7-3,40.0,35.0,25.0,30.0,0.0,0.0,0.0,0.0,0.0,0.0,0.0,0.0,0.0,0.0,130.0,1610612747,2-6,34.0,28.0,33.0,21.0,0.0,0.0,0.0,0.0,0.0,0.0,0.0,0.0,0.0,0.0,116.0
2022-11-06,1.0,22200140,1610612747,2-7,36.0,28.0,16.0,20.0,0.0,0.0,0.0,0.0,0.0,0.0,0.0,0.0,0.0,0.0,100.0,1610612739,8-1,30.0,28.0,29.0,27.0,0.0,0.0,0.0,0.0,0.0,0.0,0.0,0.0,0.0,0.0,114.0
2022-11-07,14.0,22200157,1610612762,9-3,42.0,34.0,39.0,24.0,0.0,0.0,0.0,0.0,0.0,0.0,0.0,0.0,0.0,0.0,139.0,1610612747,2-8,34.0,37.0,27.0,18.0,0.0,0.0,0.0,0.0,0.0,0.0,0.0,0.0,0.0,0.0,116.0
2022-11-09,12.0,22200170,1610612747,2-9,21.0,31.0,23.0,26.0,0.0,0.0,0.0,0.0,0.0,0.0,0.0,0.0,0.0,0.0,101.0,1610612746,7-5,38.0,16.0,33.0,27.0,0.0,0.0,0.0,0.0,0.0,0.0,0.0,0.0,0.0,0.0,114.0
2022-11-11,8.0,22200183,1610612747,2-10,23.0,37.0,28.0,26.0,0.0,0.0,0.0,0.0,0.0,0.0,0.0,0.0,0.0,0.0,114.0,1610612758,5-6,23.0,33.0,31.0,33.0,0.0,0.0,0.0,0.0,0.0,0.0,0.0,0.0,0.0,0.0,120.0
2022-11-13,7.0,22200198,1610612747,3-10,26.0,29.0,25.0,36.0,0.0,0.0,0.0,0.0,0.0,0.0,0.0,0.0,0.0,0.0,116.0,1610612751,6-8,22.0,24.0,31.0,26.0,0.0,0.0,0.0,0.0,0.0,0.0,0.0,0.0,0.0,0.0,103.0
2022-11-18,11.0,22200234,1610612765,3-14,37.0,27.0,31.0,26.0,0.0,0.0,0.0,0.0,0.0,0.0,0.0,0.0,0.0,0.0,121.0,1610612747,4-10,30.0,38.0,28.0,32.0,0.0,0.0,0.0,0.0,0.0,0.0,0.0,0.0,0.0,0.0,128.0
2022-11-20,8.0,22200247,1610612759,6-12,20.0,28.0,19.0,25.0,0.0,0.0,0.0,0.0,0.0,0.0,0.0,0.0,0.0,0.0,92.0,1610612747,5-10,34.0,32.0,29.0,28.0,0.0,0.0,0.0,0.0,0.0,0.0,0.0,0.0,0.0,0.0,123.0
2022-11-22,4.0,22200259,1610612756,11-6,26.0,27.0,33.0,29.0,0.0,0.0,0.0,0.0,0.0,0.0,0.0,0.0,0.0,0.0,115.0,1610612747,5-11,22.0,33.0,24.0,26.0,0.0,0.0,0.0,0.0,0.0,0.0,0.0,0.0,0.0,0.0,105.0
2022-11-25,11.0,22200282,1610612759,6-14,21.0,20.0,34.0,19.0,0.0,0.0,0.0,0.0,0.0,0.0,0.0,0.0,0.0,0.0,94.0,1610612747,6-11,33.0,26.0,20.0,26.0,0.0,0.0,0.0,0.0,0.0,0.0,0.0,0.0,0.0,0.0,105.0
2022-11-26,3.0,22200288,1610612759,6-15,34.0,34.0,29.0,41.0,0.0,0.0,0.0,0.0,0.0,0.0,0.0,0.0,0.0,0.0,138.0,1610612747,7-11,33.0,37.0,36.0,37.0,0.0,0.0,0.0,0.0,0.0,0.0,0.0,0.0,0.0,0.0,143.0
2022-11-30,13.0,22200324,1610612757,11-11,22.0,40.0,20.0,27.0,0.0,0.0,0.0,0.0,0.0,0.0,0.0,0.0,0.0,0.0,109.0,1610612747,8-12,24.0,42.0,31.0,31.0,0.0,0.0,0.0,0.0,0.0,0.0,0.0,0.0,0.0,0.0,128.0
2022-12-02,6.0,22200331,1610612747,9-12,33.0,33.0,35.0,32.0,0.0,0.0,0.0,0.0,0.0,0.0,0.0,0.0,0.0,0.0,133.0,1610612749,15-6,31.0,27.0,39.0,32.0,0.0,0.0,0.0,0.0,0.0,0.0,0.0,0.0,0.0,0.0,129.0
2022-12-04,6.0,22200349,1610612747,10-12,33.0,35.0,37.0,25.0,0.0,0.0,0.0,0.0,0.0,0.0,0.0,0.0,0.0,0.0,130.0,1610612764,11-13,27.0,23.0,31.0,38.0,0.0,0.0,0.0,0.0,0.0,0.0,0.0,0.0,0.0,0.0,119.0
2022-12-07,4.0,22200366,1610612761,13-12,39.0,31.0,27.0,29.0,0.0,0.0,0.0,0.0,0.0,0.0,0.0,0.0,0.0,0.0,126.0,1610612747,10-14,31.0,16.0,28.0,38.0,0.0,0.0,0.0,0.0,0.0,0.0,0.0,0.0,0.0,0.0,113.0
2022-12-11,2.0,22200396,1610612765,7-22,26.0,23.0,41.0,27.0,0.0,0.0,0.0,0.0,0.0,0.0,0.0,0.0,0.0,0.0,117.0,1610612747,11-15,32.0,29.0,30.0,33.0,0.0,0.0,0.0,0.0,0.0,0.0,0.0,0.0,0.0,0.0,124.0
2022-12-13,5.0,22200413,1610612747,11-16,24.0,26.0,32.0,28.0,8.0,0.0,0.0,0.0,0.0,0.0,0.0,0.0,0.0,0.0,118.0,1610612738,22-7,37.0,28.0,23.0,22.0,12.0,0.0,0.0,0.0,0.0,0.0,0.0,0.0,0.0,0.0,122.0
2022-12-16,10.0,22200437,1610612747,12-16,33.0,31.0,29.0,33.0,0.0,0.0,0.0,0.0,0.0,0.0,0.0,0.0,0.0,0.0,126.0,1610612743,17-11,32.0,33.0,23.0,20.0,0.0,0.0,0.0,0.0,0.0,0.0,0.0,0.0,0.0,0.0,108.0
2022-12-18,7.0,22200451,1610612764,11-20,29.0,23.0,36.0,29.0,0.0,0.0,0.0,0.0,0.0,0.0,0.0,0.0,0.0,0.0,117.0,1610612747,13-16,30.0,36.0,21.0,32.0,0.0,0.0,0.0,0.0,0.0,0.0,0.0,0.0,0.0,0.0,119.0
2022-12-21,10.0,22200475,1610612758,17-13,25.0,41.0,40.0,28.0,0.0,0.0,0.0,0.0,0.0,0.0,0.0,0.0,0.0,0.0,134.0,1610612747,13-18,26.0,32.0,28.0,34.0,0.0,0.0,0.0,0.0,0.0,0.0,0.0,0.0,0.0,0.0,120.0
2022-12-23,14.0,22200492,1610612766,9-24,27.0,40.0,30.0,37.0,0.0,0.0,0.0,0.0,0.0,0.0,0.0,0.0,0.0,0.0,134.0,1610612747,13-19,31.0,36.0,20.0,43.0,0.0,0.0,0.0,0.0,0.0,0.0,0.0,0.0,0.0,0.0,130.0
2022-12-25,2.0,22200494,1610612747,13-20,28.0,26.0,21.0,40.0,0.0,0.0,0.0,0.0,0.0,0.0,0.0,0.0,0.0,0.0,115.0,1610612742,18-16,21.0,22.0,51.0,30.0,0.0,0.0,0.0,0.0,0.0,0.0,0.0,0.0,0.0,0.0,124.0
2022-12-28,4.0,22200518,1610612748,18-17,33.0,28.0,34.0,17.0,0.0,0.0,0.0,0.0,0.0,0.0,0.0,0.0,0.0,0.0,112.0,1610612747,14-21,25.0,27.0,26.0,20.0,0.0,0.0,0.0,0.0,0.0,0.0,0.0,0.0,0.0,0.0,98.0
2023-01-02,2.0,22200551,1610612747,16-21,22.0,38.0,34.0,27.0,0.0,0.0,0.0,0.0,0.0,0.0,0.0,0.0,0.0,0.0,121.0,1610612766,10-28,21.0,24.0,31.0,39.0,0.0,0.0,0.0,0.0,0.0,0.0,0.0,0.0,0.0,0.0,115.0
2023-01-04,11.0,22200574,1610612747,17-21,32.0,20.0,27.0,33.0,0.0,0.0,0.0,0.0,0.0,0.0,0.0,0.0,0.0,0.0,112.0,1610612748,20-19,23.0,25.0,30.0,31.0,0.0,0.0,0.0,0.0,0.0,0.0,0.0,0.0,0.0,0.0,109.0
2023-01-06,11.0,22200590,1610612737,18-21,28.0,21.0,33.0,32.0,0.0,0.0,0.0,0.0,0.0,0.0,0.0,0.0,0.0,0.0,114.0,1610612747,18-21,37.0,33.0,28.0,32.0,0.0,0.0,0.0,0.0,0.0,0.0,0.0,0.0,0.0,0.0,130.0
2023-01-07,5.0,22200595,1610612758,20-18,38.0,35.0,36.0,25.0,0.0,0.0,0.0,0.0,0.0,0.0,0.0,0.0,0.0,0.0,134.0,1610612747,19-21,37.0,36.0,36.0,27.0,0.0,0.0,0.0,0.0,0.0,0.0,0.0,0.0,0.0,0.0,136.0
2023-01-09,5.0,22200609,1610612743,27-13,29.0,33.0,32.0,28.0,0.0,0.0,0.0,0.0,0.0,0.0,0.0,0.0,0.0,0.0,122.0,1610612747,19-22,23.0,25.0,31.0,30.0,0.0,0.0,0.0,0.0,0.0,0.0,0.0,0.0,0.0,0.0,109.0
2023-01-12,5.0,22200630,1610612742,24-19,36.0,23.0,23.0,19.0,7.0,11.0,0.0,0.0,0.0,0.0,0.0,0.0,0.0,0.0,119.0,1610612747,19-23,22.0,26.0,28.0,25.0,7.0,7.0,0.0,0.0,0.0,0.0,0.0,0.0,0.0,0.0,115.0
2023-01-15,8.0,22200655,1610612747,19-24,32.0,26.0,25.0,29.0,0.0,0.0,0.0,0.0,0.0,0.0,0.0,0.0,0.0,0.0,112.0,1610612755,27-16,33.0,24.0,29.0,27.0,0.0,0.0,0.0,0.0,0.0,0.0,0.0,0.0,0.0,0.0,113.0
2023-01-16,9.0,22200664,1610612747,20-24,37.0,36.0,29.0,38.0,0.0,0.0,0.0,0.0,0.0,0.0,0.0,0.0,0.0,0.0,140.0,1610612745,10-34,35.0,26.0,37.0,34.0,0.0,0.0,0.0,0.0,0.0,0.0,0.0,0.0,0.0,0.0,132.0
2023-01-22,7.0,22200705,1610612757,21-25,26.0,45.0,20.0,21.0,0.0,0.0,0.0,0.0,0.0,0.0,0.0,0.0,0.0,0.0,112.0,1610612747,22-25,33.0,13.0,40.0,35.0,0.0,0.0,0.0,0.0,0.0,0.0,0.0,0.0,0.0,0.0,121.0
2023-01-24,7.0,22200719,1610612746,26-24,37.0,40.0,21.0,35.0,0.0,0.0,0.0,0.0,0.0,0.0,0.0,0.0,0.0,0.0,133.0,1610612747,22-26,30.0,24.0,28.0,33.0,0.0,0.0,0.0,0.0,0.0,0.0,0.0,0.0,0.0,0.0,115.0
2023-01-25,10.0,22200729,1610612747,23-26,25.0,28.0,28.0,32.0,0.0,0.0,0.0,0.0,0.0,0.0,0.0,0.0,0.0,0.0,113.0,1610612759,14-34,30.0,24.0,28.0,22.0,0.0,0.0,0.0,0.0,0.0,0.0,0.0,0.0,0.0,0.0,104.0
2023-01-28,9.0,22200749,1610612747,23-27,27.0,27.0,27.0,24.0,16.0,0.0,0.0,0.0,0.0,0.0,0.0,0.0,0.0,0.0,121.0,1610612738,36-15,28.0,20.0,33.0,24.0,20.0,0.0,0.0,0.0,0.0,0.0,0.0,0.0,0.0,0.0,125.0
2023-01-30,2.0,22200757,1610612751,31-19,29.0,29.0,27.0,36.0,0.0,0.0,0.0,0.0,0.0,0.0,0.0,0.0,0.0,0.0,121.0,1610612747,23-28,16.0,30.0,36.0,22.0,0.0,0.0,0.0,0.0,0.0,0.0,0.0,0.0,0.0,0.0,104.0
2023-01-31,2.0,22200765,1610612752,27-25,24.0,29.0,30.0,31.0,9.0,0.0,0.0,0.0,0.0,0.0,0.0,0.0,0.0,0.0,123.0,1610612747,24-28,29.0,23.0,34.0,28.0,15.0,0.0,0.0,0.0,0.0,0.0,0.0,0.0,0.0,0.0,129.0
2023-02-02,1.0,22200778,1610612747,25-28,30.0,24.0,30.0,28.0,0.0,0.0,0.0,0.0,0.0,0.0,0.0,0.0,0.0,0.0,112.0,1610612754,24-29,35.0,32.0,29.0,15.0,0.0,0.0,0.0,0.0,0.0,0.0,0.0,0.0,0.0,0.0,111.0
2023-02-04,2.0,22200798,1610612740,27-27,30.0,31.0,42.0,28.0,0.0,0.0,0.0,0.0,0.0,0.0,0.0,0.0,0.0,0.0,131.0,1610612747,25-29,32.0,40.0,34.0,20.0,0.0,0.0,0.0,0.0,0.0,0.0,0.0,0.0,0.0,0.0,126.0
2023-02-07,6.0,22200821,1610612760,26-28,36.0,40.0,28.0,29.0,0.0,0.0,0.0,0.0,0.0,0.0,0.0,0.0,0.0,0.0,133.0,1610612747,25-30,34.0,32.0,33.0,31.0,0.0,0.0,0.0,0.0,0.0,0.0,0.0,0.0,0.0,0.0,130.0
2023-02-11,8.0,22200853,1610612744,28-28,22.0,31.0,26.0,24.0,0.0,0.0,0.0,0.0,0.0,0.0,0.0,0.0,0.0,0.0,103.0,1610612747,26-31,21.0,30.0,34.0,24.0,0.0,0.0,0.0,0.0,0.0,0.0,0.0,0.0,0.0,0.0,109.0
2023-02-15,10.0,22200882,1610612740,30-29,25.0,26.0,24.0,27.0,0.0,0.0,0.0,0.0,0.0,0.0,0.0,0.0,0.0,0.0,102.0,1610612747,27-32,38.0,17.0,34.0,31.0,0.0,0.0,0.0,0.0,0.0,0.0,0.0,0.0,0.0,0.0,120.0
2023-02-26,4.0,22200913,1610612742,32-30,28.0,33.0,20.0,27.0,0.0,0.0,0.0,0.0,0.0,0.0,0.0,0.0,0.0,0.0,108.0,1610612747,29-32,16.0,31.0,31.0,33.0,0.0,0.0,0.0,0.0,0.0,0.0,0.0,0.0,0.0,0.0,111.0
2023-02-28,4.0,22200927,1610612763,37-23,26.0,20.0,47.0,28.0,0.0,0.0,0.0,0.0,0.0,0.0,0.0,0.0,0.0,0.0,121.0,1610612747,29-33,22.0,27.0,35.0,25.0,0.0,0.0,0.0,0.0,0.0,0.0,0.0,0.0,0.0,0.0,109.0
2023-03-03,10.0,22200955,1610612750,33-32,33.0,23.0,27.0,27.0,0.0,0.0,0.0,0.0,0.0,0.0,0.0,0.0,0.0,0.0,110.0,1610612747,30-34,34.0,21.0,21.0,26.0,0.0,0.0,0.0,0.0,0.0,0.0,0.0,0.0,0.0,0.0,102.0
2023-03-05,3.0,22200964,1610612744,34-31,18.0,36.0,18.0,33.0,0.0,0.0,0.0,0.0,0.0,0.0,0.0,0.0,0.0,0.0,105.0,1610612747,31-34,33.0,22.0,23.0,35.0,0.0,0.0,0.0,0.0,0.0,0.0,0.0,0.0,0.0,0.0,113.0
2023-03-07,8.0,22200984,1610612763,38-26,21.0,36.0,23.0,23.0,0.0,0.0,0.0,0.0,0.0,0.0,0.0,0.0,0.0,0.0,103.0,1610612747,32-34,23.0,33.0,26.0,30.0,0.0,0.0,0.0,0.0,0.0,0.0,0.0,0.0,0.0,0.0,112.0
2023-03-10,6.0,22201003,1610612747,33-34,31.0,39.0,15.0,37.0,0.0,0.0,0.0,0.0,0.0,0.0,0.0,0.0,0.0,0.0,122.0,1610612761,32-36,35.0,27.0,28.0,22.0,0.0,0.0,0.0,0.0,0.0,0.0,0.0,0.0,0.0,0.0,112.0
2023-03-12,6.0,22201019,1610612752,40-30,31.0,31.0,23.0,27.0,0.0,0.0,0.0,0.0,0.0,0.0,0.0,0.0,0.0,0.0,112.0,1610612747,33-35,27.0,32.0,27.0,22.0,0.0,0.0,0.0,0.0,0.0,0.0,0.0,0.0,0.0,0.0,108.0
2023-03-14,4.0,22201030,1610612740,33-36,24.0,16.0,35.0,33.0,0.0,0.0,0.0,0.0,0.0,0.0,0.0,0.0,0.0,0.0,108.0,1610612747,34-35,39.0,36.0,23.0,25.0,0.0,0.0,0.0,0.0,0.0,0.0,0.0,0.0,0.0,0.0,123.0
2023-03-15,4.0,22201038,1610612747,34-36,19.0,29.0,26.0,36.0,0.0,0.0,0.0,0.0,0.0,0.0,0.0,0.0,0.0,0.0,110.0,1610612745,17-52,31.0,31.0,21.0,31.0,0.0,0.0,0.0,0.0,0.0,0.0,0.0,0.0,0.0,0.0,114.0
2023-03-17,8.0,22201054,1610612742,36-35,29.0,33.0,27.0,22.0,0.0,0.0,0.0,0.0,0.0,0.0,0.0,0.0,0.0,0.0,111.0,1610612747,34-37,33.0,21.0,26.0,30.0,0.0,0.0,0.0,0.0,0.0,0.0,0.0,0.0,0.0,0.0,110.0
2023-03-19,8.0,22201070,1610612747,35-37,28.0,31.0,25.0,27.0,0.0,0.0,0.0,0.0,0.0,0.0,0.0,0.0,0.0,0.0,111.0,1610612753,29-43,25.0,24.0,32.0,24.0,0.0,0.0,0.0,0.0,0.0,0.0,0.0,0.0,0.0,0.0,105.0
2023-03-22,10.0,22201092,1610612747,36-37,23.0,36.0,29.0,34.0,0.0,0.0,0.0,0.0,0.0,0.0,0.0,0.0,0.0,0.0,122.0,1610612756,38-34,26.0,26.0,33.0,26.0,0.0,0.0,0.0,0.0,0.0,0.0,0.0,0.0,0.0,0.0,111.0
2023-03-24,10.0,22201106,1610612747,37-37,41.0,33.0,19.0,23.0,0.0,0.0,0.0,0.0,0.0,0.0,0.0,0.0,0.0,0.0,116.0,1610612760,36-38,25.0,41.0,26.0,19.0,0.0,0.0,0.0,0.0,0.0,0.0,0.0,0.0,0.0,0.0,111.0
2023-03-26,2.0,22201114,1610612741,36-38,29.0,34.0,28.0,27.0,0.0,0.0,0.0,0.0,0.0,0.0,0.0,0.0,0.0,0.0,118.0,1610612747,37-38,26.0,29.0,23.0,30.0,0.0,0.0,0.0,0.0,0.0,0.0,0.0,0.0,0.0,0.0,108.0
2023-03-29,5.0,22201140,1610612741,36-40,20.0,31.0,25.0,34.0,0.0,0.0,0.0,0.0,0.0,0.0,0.0,0.0,0.0,0.0,110.0,1610612747,38-38,31.0,28.0,26.0,36.0,0.0,0.0,0.0,0.0,0.0,0.0,0.0,0.0,0.0,0.0,121.0
2023-03-31,10.0,22201157,1610612750,39-39,29.0,36.0,18.0,28.0,0.0,0.0,0.0,0.0,0.0,0.0,0.0,0.0,0.0,0.0,111.0,1610612747,39-38,27.0,28.0,35.0,33.0,0.0,0.0,0.0,0.0,0.0,0.0,0.0,0.0,0.0,0.0,123.0
2023-04-05,8.0,22201196,1610612746,42-38,37.0,34.0,22.0,32.0,0.0,0.0,0.0,0.0,0.0,0.0,0.0,0.0,0.0,0.0,125.0,1610612747,41-39,31.0,21.0,30.0,36.0,0.0,0.0,0.0,0.0,0.0,0.0,0.0,0.0,0.0,0.0,118.0
2023-04-07,11.0,22201212,1610612756,45-36,34.0,28.0,27.0,18.0,0.0,0.0,0.0,0.0,0.0,0.0,0.0,0.0,0.0,0.0,107.0,1610612747,42-39,30.0,31.0,35.0,25.0,0.0,0.0,0.0,0.0,0.0,0.0,0.0,0.0,0.0,0.0,121.0
2023-04-09,13.0,22201228,1610612762,37-45,25.0,31.0,39.0,22.0,0.0,0.0,0.0,0.0,0.0,0.0,0.0,0.0,0.0,0.0,117.0,1610612747,43-39,31.0,34.0,34.0,29.0,0.0,0.0,0.0,0.0,0.0,0.0,0.0,0.0,0.0,0.0,128.0
2022-10-03,4.0,12200012,1610612747,0-1,27.0,19.0,13.0,16.0,0.0,0.0,0.0,0.0,0.0,0.0,0.0,0.0,0.0,0.0,75.0,1610612758,1-0,21.0,20.0,35.0,29.0,0.0,0.0,0.0,0.0,0.0,0.0,0.0,0.0,0.0,0.0,105.0
2022-10-05,5.0,12200022,1610612756,1-1,28.0,34.0,29.0,28.0,0.0,0.0,0.0,0.0,0.0,0.0,0.0,0.0,0.0,0.0,119.0,1610612747,0-2,35.0,34.0,26.0,20.0,0.0,0.0,0.0,0.0,0.0,0.0,0.0,0.0,0.0,0.0,115.0
2022-10-09,4.0,12200040,1610612747,1-3,35.0,25.0,29.0,35.0,0.0,0.0,0.0,0.0,0.0,0.0,0.0,0.0,0.0,0.0,124.0,1610612744,2-1,33.0,19.0,39.0,30.0,0.0,0.0,0.0,0.0,0.0,0.0,0.0,0.0,0.0,0.0,121.0
2022-10-12,6.0,12200057,1610612750,4-0,30.0,32.0,25.0,31.0,0.0,0.0,0.0,0.0,0.0,0.0,0.0,0.0,0.0,0.0,118.0,1610612747,1-4,30.0,24.0,26.0,33.0,0.0,0.0,0.0,0.0,0.0,0.0,0.0,0.0,0.0,0.0,113.0
2022-10-14,9.0,12200070,1610612747,1-5,23.0,21.0,18.0,24.0,0.0,0.0,0.0,0.0,0.0,0.0,0.0,0.0,0.0,0.0,86.0,1610612758,4-0,36.0,29.0,30.0,38.0,0.0,0.0,0.0,0.0,0.0,0.0,0.0,0.0,0.0,0.0,133.0
2023-04-16,1.0,42200151,1610612763,0-1,27.0,38.0,25.0,22.0,0.0,0.0,0.0,0.0,0.0,0.0,0.0,0.0,0.0,0.0,112.0,1610612747,1-0,32.0,27.0,37.0,32.0,0.0,0.0,0.0,0.0,0.0,0.0,0.0,0.0,0.0,0.0,128.0
2023-04-19,1.0,42200152,1610612747,1-1,19.0,25.0,27.0,22.0,0.0,0.0,0.0,0.0,0.0,0.0,0.0,0.0,0.0,0.0,93.0,1610612763,1-1,30.0,29.0,24.0,20.0,0.0,0.0,0.0,0.0,0.0,0.0,0.0,0.0,0.0,0.0,103.0
2023-04-22,4.0,42200153,1610612763,1-2,9.0,28.0,31.0,33.0,0.0,0.0,0.0,0.0,0.0,0.0,0.0,0.0,0.0,0.0,101.0,1610612747,2-1,35.0,18.0,35.0,23.0,0.0,0.0,0.0,0.0,0.0,0.0,0.0,0.0,0.0,0.0,111.0
2023-04-24,3.0,42200154,1610612763,1-3,23.0,29.0,31.0,21.0,7.0,0.0,0.0,0.0,0.0,0.0,0.0,0.0,0.0,0.0,111.0,1610612747,3-1,29.0,25.0,27.0,23.0,13.0,0.0,0.0,0.0,0.0,0.0,0.0,0.0,0.0,0.0,117.0
2023-04-26,2.0,42200155,1610612763,2-3,38.0,23.0,33.0,22.0,0.0,0.0,0.0,0.0,0.0,0.0,0.0,0.0,0.0,0.0,116.0,1610612747,3-2,24.0,28.0,24.0,23.0,0.0,0.0,0.0,0.0,0.0,0.0,0.0,0.0,0.0,0.0,99.0
2023-04-28,4.0,42200156,1610612747,4-2,31.0,28.0,41.0,25.0,0.0,0.0,0.0,0.0,0.0,0.0,0.0,0.0,0.0,0.0,125.0,1610612763,2-4,20.0,22.0,25.0,18.0,0.0,0.0,0.0,0.0,0.0,0.0,0.0,0.0,0.0,0.0,85.0
2023-05-02,2.0,42200231,1610612747,1-0,29.0,36.0,31.0,21.0,0.0,0.0,0.0,0.0,0.0,0.0,0.0,0.0,0.0,0.0,117.0,1610612744,0-1,31.0,33.0,24.0,24.0,0.0,0.0,0.0,0.0,0.0,0.0,0.0,0.0,0.0,0.0,112.0
2023-05-04,1.0,42200232,1610612747,1-1,33.0,23.0,24.0,20.0,0.0,0.0,0.0,0.0,0.0,0.0,0.0,0.0,0.0,0.0,100.0,1610612744,1-1,26.0,41.0,43.0,17.0,0.0,0.0,0.0,0.0,0.0,0.0,0.0,0.0,0.0,0.0,127.0
2023-05-06,2.0,42200233,1610612747,2-1,23.0,36.0,27.0,41.0,0.0,0.0,0.0,0.0,0.0,0.0,0.0,0.0,0.0,0.0,127.0,1610612744,1-2,30.0,18.0,20.0,29.0,0.0,0.0,0.0,0.0,0.0,0.0,0.0,0.0,0.0,0.0,97.0
2023-05-08,2.0,42200234,1610612747,3-1,22.0,27.0,28.0,27.0,0.0,0.0,0.0,0.0,0.0,0.0,0.0,0.0,0.0,0.0,104.0,1610612744,1-3,21.0,31.0,32.0,17.0,0.0,0.0,0.0,0.0,0.0,0.0,0.0,0.0,0.0,0.0,101.0
2023-05-10,2.0,42200235,1610612747,3-2,28.0,31.0,23.0,24.0,0.0,0.0,0.0,0.0,0.0,0.0,0.0,0.0,0.0,0.0,106.0,1610612744,2-3,32.0,38.0,23.0,28.0,0.0,0.0,0.0,0.0,0.0,0.0,0.0,0.0,0.0,0.0,121.0
2023-05-12,2.0,42200236,1610612744,2-4,26.0,20.0,31.0,24.0,0.0,0.0,0.0,0.0,0.0,0.0,0.0,0.0,0.0,0.0,101.0,1610612747,4-2,31.0,25.0,35.0,31.0,0.0,0.0,0.0,0.0,0.0,0.0,0.0,0.0,0.0,0.0,122.0
2023-05-16,1.0,42200311,1610612747,0-1,25.0,29.0,38.0,34.0,0.0,0.0,0.0,0.0,0.0,0.0,0.0,0.0,0.0,0.0,126.0,1610612743,1-0,37.0,35.0,34.0,26.0,0.0,0.0,0.0,0.0,0.0,0.0,0.0,0.0,0.0,0.0,132.0
2023-05-18,1.0,42200312,1610612743,2-0,27.0,21.0,28.0,32.0,0.0,0.0,0.0,0.0,0.0,0.0,0.0,0.0,0.0,0.0,108.0,1610612747,0-2,27.0,26.0,26.0,24.0,0.0,0.0,0.0,0.0,0.0,0.0,0.0,0.0,0.0,0.0,103.0
2023-05-20,1.0,42200313,1610612747,0-3,20.0,35.0,27.0,26.0,0.0,0.0,0.0,0.0,0.0,0.0,0.0,0.0,0.0,0.0,108.0,1610612743,3-0,32.0,26.0,26.0,35.0,0.0,0.0,0.0,0.0,0.0,0.0,0.0,0.0,0.0,0.0,119.0
2023-05-22,1.0,42200314,1610612743,4-0,28.0,30.0,36.0,19.0,0.0,0.0,0.0,0.0,0.0,0.0,0.0,0.0,0.0,0.0,113.0,1610612747,0-4,34.0,39.0,16.0,22.0,0.0,0.0,0.0,0.0,0.0,0.0,0.0,0.0,0.0,0.0,111.0
